,A,C,D,E,F,G,H,I,K,L,M,N,P,Q,R,S,T,V,W,Y
A,-1,0,2,2,0,4,0,0,0,0,0,0,4,0,0,4,4,4,0,0
C,0,-1,0,0,2,2,0,0,0,0,0,0,0,0,2,4,0,0,2,2
D,2,0,-1,4,0,2,2,0,0,0,0,2,0,0,0,0,0,2,0,2
E,2,0,4,-1,0,2,0,0,2,0,0,0,0,2,0,0,0,2,0,0
F,0,2,0,0,-1,0,0,2,0,6,0,0,0,0,0,2,0,2,0,2
G,4,2,2,2,0,-1,0,0,0,0,0,0,0,0,6,2,0,4,1,0
H,0,0,2,0,0,0,-1,0,0,2,0,2,2,4,2,0,0,0,0,2
I,0,0,0,0,2,0,0,-1,1,4,3,2,0,0,1,2,3,3,0,0
K,0,0,0,2,0,0,0,1,-1,0,1,4,0,2,2,0,2,0,0,0
L,0,0,0,0,6,0,2,4,0,-1,2,0,4,2,4,2,0,6,1,0
M,0,0,0,0,0,0,0,3,1,2,-1,0,0,0,1,0,1,1,0,0
N,0,0,2,0,0,0,2,2,4,0,0,-1,0,0,0,2,2,0,0,2
P,4,0,0,0,0,0,2,0,0,4,0,0,-1,2,4,4,4,0,0,0
Q,0,0,0,2,0,0,4,0,2,2,0,0,2,-1,2,0,0,0,0,0
R,0,2,0,0,0,6,2,1,2,4,1,0,4,2,-1,6,2,0,2,0
S,4,4,0,0,2,2,0,2,0,2,0,2,4,0,6,-1,6,0,1,2
T,4,0,0,0,0,0,0,3,2,0,1,2,4,0,2,6,-1,0,0,0
V,4,0,2,2,2,4,0,3,0,6,1,0,0,0,0,0,0,-1,0,0
W,0,2,0,0,0,1,0,0,0,1,0,0,0,0,2,1,0,0,-1,0
Y,0,2,2,0,2,0,2,0,0,0,0,2,0,0,0,2,0,0,0,-1
