TRDTTYY	RNSFDEQN	ALSRVGANSKLT	SGDLS	YYNGEE	ASGSGGEH	SPRWYFYYL
SSYSPS	YTSAATLV	VVSEKGFQKLV	MNHEY	SVGEGT	ASSVLPASGAGRNEQF	SPRWYFYYL
TRDTTYY	RNSFDEQN	ALSEAGSGYSTLT	LGHNA	YNFKEQ	ASSQTYPGAYNEQF	SPRWYFYYL
YGGTVN	YFSGDPLV	AVSDREARLM	MNHEY	SMNVEV	ASRPLAGGQDKETQY	SPRWYFYYL
NSASDY	IRSNMDK	AENQRFSDGQKLL	SGHNS	FNNNVP	ASSAGLAGANTGELF	SPRWYFYYL
NSASDY	IRSNMDK	ADPNTGNQFY	SGDLS	YYNGEE	ASSPTDN	SPRWYFYYL
TTLSN	LVKSGEV	AGYTSGTYKYI	SGHVS	FQNEAQ	ASSLGQGHFT	SPRWYFYYL
ATGYPS	ATKADDK	ALSVGNQGGKLI	LNHDA	SQIVND	ASSTLGTADKLNYGYT	SPRWYFYYL
NIATNDY	GYKTK	LVGDPSPRRDDKII	SNHLY	FYNNEI	ASRTPGTSGGSYEQY	SPRWYFYYL
NIATNDY	GYKTK	LVVGRYAGNMLT	SNHLY	FYNNEI	ASSLNRELF	SPRWYFYYL
DSSSTY	IFSNMDM	AERGGGFKTI	SGHRS	YFSETQ	ASSERDSPGNVLT	SPRWYFYYL
NIATNDY	GYKTK	LVGVPFSGSARQLT	SNHLY	FYNNEI	ASSGLNDRFYEQY	SPRWYFYYL
DSASNY	IRSNVGE	AALAGTASKLT	SQVTM	ANQGSEA	SVVPLAGPYEQY	SPRWYFYYL
VSPFSN	MTFSENT	VVSSYSSASKII	KGHDR	SFDVKD	ATSDLPGKAGYT	SPRWYFYYL
TSGFNG	NVLDGL	AVRVFNARLM	SNHLY	FYNNEI	ASSEEIAKNIQY	SPRWYFYYL
SSVPPY	YTSAATLV	AVSATGTASKLT	MNHEY	SMNVEV	ASSPIAGGPISKNIQY	SPRWYFYYL
SSVSVY	YLSGSTLV	AARLSFKTI	SGHDN	FVKESK	ASSGLAGGYNEQF	SPRWYFYYL
NIATNDY	GYKTK	LVGDPLNNAGNMLT	MNHEY	SVGAGI	ASRGQRNTIY	SPRWYFYYL
NIATNDY	GYKTK	LVGDQGGGYNKLI	SGHDN	FVKESK	ASSPMGHEQY	SPRWYFYYL
NIATNDY	GYKTK	LVGDQILTGGGNKLT	SGHTA	FQGNSA	ASSLATGSGNQPQH	SPRWYFYYL
VSGNPY	YITGDNLV	AVRVLNTPLV	MNHNS	SASEGT	ASSDIFLAKNIQY	SPRWYFYYL
ATGYPS	ATKADDK	ALSSTLGTYKYI	MNHEY	SMNVEV	ASSPLTGTGSDKETQY	SPRWYFYYL
NIATNDY	GYKTK	LVGVPSGGYNKLI	GTSNPN	SVGIG	AWSPITSNYGYT	SPRWYFYYL
SSYSPS	YTSAATLV	VVSVPHNQGGKLI	SGHTA	FQGNSA	ASSLGVFTGAGNQPQH	SPRWYFYYL
TSDPSYG	QGSYDQQN	AMREGRSARLM	DFQATT	SNEGSKA	SARGGFRSGGGTDEQF	SPRWYFYYL
NIATNDY	GYKTK	LVGDPMDTGRRALT	SGHNT	YENEEA	ASSSFPGREMT	SPRWYFYYL
TSINN	IRSNERE	ATVELIQGAQKLV	MNHNY	SVGAGI	ASSYLPGGAKTEAF	SPRWYFYYL
NYSPAY	IRENEKE	ALGVNNDMR	LNHNV	YYDKDF	ATSRRTVLRETQY	SPRWYFYYL
TSINN	IRSNERE	ATDAGPEKLV	MNHNY	SVGAGI	ASRQLAGFYEQY	SPRWYFYYL
DRGSQS	IYSNGD	AAVV	MNHEY	SMNVEV	ASSALAGGPPEGKNIQY	SPRWYFYYL
VSPFSN	MTFSENT	VVSSTLGRLY	SNHLY	FYNNEI	ASSELDGRL	SPRWYFYYL
VSPFSN	MTFSENT	VVSVPTGNQFY	SGDLS	YYNGEE	ASSRFPTGSNNEQF	SPRWYFYYL
NIATNDY	GYKTK	LVGDRGSTLGRLY	LGHNA	YNFKEQ	ASSQSGTGPYEQY	SPRWYFYYL
TRDTTYY	RNSFDEQN	ALSVLTGANNLF	SGDLS	YYNGEE	ASSPTDN	SPRWYFYYL
DSASNY	IRSNVGE	AASPLGGYSTLT	MGHDK	SYGVNS	ASSGLTSAKNEQF	SPRWYFYYL
SSYSPS	YTSAATLV	VVTANTGGFKTI	SGHTA	FQGNSA	ASSLGVFTGAGNQPQH	SPRWYFYYL
TTLSN	LVKSGEV	AGLTSGTYKYI	SGHVS	FQNEAQ	ASSQGGAIQY	SPRWYFYYL
SSVSVY	YLSGSTLV	AVSETGPARLM	SEHNR	FQNEAQ	ASSPGTSGRPYEQY	SPRWYFYYL
TSDPSYG	QGSYDQQN	AMREAQNNARLM	LNHDA	SQIVND	ASSIFSASGSVTDTQY	SPRWYFYYL
DSAIYN	IQSSQRE	AVPEMRRDDKII	MNHEY	SMNVEV	ASSSLTSGGARYTQY	SPRWYFYYL
VTNFRS	LTSSGIE	AVASNTGNQFY	MNHEY	SMNVEV	ASSPLAGVPLAAKNIQY	SPRWYFYYL
YGATPY	YFSGDTLV	AVVGFSDGQKLL	LGHDT	YNNKEL	ASSQPAGYGGYT	SPRWYFYYL
TRDTTYY	RNSFDEQN	ALSVNYGQNFV	SNHLY	FYNNEI	ARRQGNEKLF	SPRWYFYYL
YSGSPE	HISR	ALSGGGSNYKLT	MNHEY	SMNVEV	ASSSLTSGGARYTQY	SPRWYFYYL
TSINN	IRSNERE	ATDKLTGGGNKLT	MGHRA	YSYEKL	ASSQDAGTAHVGEQF	SPRWYFYYL
TSGFNG	NVLDGL	WAIGFGNVLHCFGNVLH	SGHNT	YYREEE	ASSLETGRNIQY	SPRWYFYYL
TSINN	IRSNERE	DTAPERGGYQKVT	KGHDR	SFDVKD	ATSDLVSDTQY	SPRWYFYYL
ATGYPS	ATKADDK	ALSTTSGTYKYI	MNHEY	SMNVEV	ASSPLAGGEEKKETQY	SPRWYFYYL
SSVSVY	YLSGSTLV	AGGGYGKLT	MNHEY	SMNVEV	ASRGGGQGGSYGYT	SPRWYFYYL
SSYSPS	YTSAATLV	VVANGFKTI	SGHDN	FVKESK	ASSRLAGGNTGELF	SPRWYFYYL
TSGFYG	NALDGL	AVRAGNNRKLI	MNHEY	SMNVEV	ASSHLVGSAIAKNIQY	SPRWYFYYL
KALYS	LLKGGEQ	GLRDNFNKFY	DFQATT	SNEGSKA	SARAGIREGFYNEQF	SPRWYFYYL
TISGTDY	GLTSN	ILRTPLDSSYKLI	SGDLS	YYNGEE	ASSVEGTVNSPLH	SPRWYFYYL
TSINN	IRSNERE	ATAGSYNTDKLI	SQVTM	ANQGSEA	SVQGRGELF	SPRWYFYYL
TSENNYY	QEAYKQQN	AFMKLLNNDMR	LGHDT	YNNKEL	ASSQNRNRALNTEAF	SPRWYFYYL
TSGFNG	NVLDGL	ADANNDMR	DFQATT	SNEGSKA	SARDRTDSYNSPLH	SPRWYFYYL
NIATNDY	GYKTK	LVVGFNKFY	SGHTA	FQGNSA	ASSPSSREQY	SPRWYFYYL
TSGFYG	NALDGL	AVSMADRGSTLGRLY	SGHVS	FQNEAQ	ASSLALLAGAGGELF	SPRWYFYYL
DSASNY	IRSNVGE	ACLTGTASKLT	SQVTM	ANQGSEA	SVVPLMGGYEQY	SPRWYFYYL
DSASNY	IRSNVGE	AASYGSGGYNKLI	MDHEN	SYDVKM	ASSSLTGSSGELF	SPRWYFYYL
DSAIYN	IQSSQRE	AAPVENRDDKII	MNHEY	SMNVEV	ASRRLTGGQQPQH	SPRWYFYYL
DSASNY	IRSNVGE	AASRGVGGYNKLI	MDHEN	SYDVKM	ASSFLTGPKGDYT	SPRWYFYYL
TSINN	IRSNERE	ATDGVTDSWGKLQ	MNHEY	SMNVEV	ASWTGAAEAF	SPRWYFYYL
TSINN	IRSNERE	ATDAGVYNQGGKLI	MDHEN	SYDVKM	ASSALAGGPDNEQF	SPRWYFYYL
SSVSVY	YLSGSTLV	AVSGVGFKII	SGHDN	FVKESK	ASSYLAGGYNEQF	SPRWYFYYL
NYSPAY	IRENEKE	ALVVGFGNVLHCFGNVLH	KGHDR	SFDVKD	ATSPLAGEYSGELF	SPRWYFYYL
VSPFSN	MTFSENT	VGRDTGRRALT	MDHEN	SYDVKM	ASSSLTGQSQETQY	SPRWYFYYL
DSAIYN	IQSSQRE	AVRRNTGNQFY	MNHEY	SMNVEV	ASRAKVGAANEQF	SPRWYFYYL
TSGFNG	NVLDGL	AVRVNSGAGSYQLT	MNHEY	SVGAGI	ASSQRGLAGAPSYNEQF	SPRWYFYYL
SIFNT	LYKAGEL	AGQLNAGNMLT	MNHEY	SMNVEV	ASAPLVGAPEAKNIQY	SPRWYFYYL
NIATNDY	GYKTK	LVGEFSGGYNKLI	MDHEN	SYDVKM	ASSPLTSNYGYT	SPRWYFYYL
VSGNPY	YITGDNLV	APPRGSSNTGKLI	SGHDT	YYEEEE	ASSLGRAVIWGYT	SPRWYFYYL
TSGFNG	NVLDGL	AVSAEGGFKTI	MGHRA	YSYEKL	ASSQDGLSETQY	SPRWYFYYL
NSASDY	IRSNMDK	ADPNTGNQFY	SGHVS	FNYEAQ	ASSRRWGSSYEQY	SPRWYFYYL
NIATNDY	GYKTK	LVGADDYKLS	SGDLS	YYNGEE	ASSVGSGLQYYEQY	SPRWYFYYL
SVFSS	VVTGGEV	AGGYQKVT	MNHEY	SVGEGT	ASAALAAYNEQF	SPRWYFYYL
VTNFRS	LTSSGIE	AGDSGGYQKVT	KGHDR	SFDVKD	ATSDLTGANEQF	SPRWYFYYL
NIATNDY	GYKTK	LMYSGGGADGLT	SGHNT	YYREEE	ASSRLAGGRNEQF	SPRWYFYYL
VSPFSN	MTFSENT	VVNGRDARLM	MNHEY	SMNVEV	ASNPLAGEFTAKNIQY	SPRWYFYYL
SSYSPS	YTSAATLV	VVTANTGGFKTI	SNHLY	FYNNEI	ASSLKTGGSTEAF	SPRWYFYYL
VSGNPY	YITGDNLV	AVRGTNDYKLS	SGHVS	FQNEAQ	ASSLPPREQY	SPRWYFYYL
TSENNYY	QEAYKQQN	AFMKGGGYNKLI	MGHDK	SYGVNS	ASSDLRTANTEAF	SPRWYFYYL
NTAFDY	IRPDVSE	AASITPGTYKYI	DFQATT	SNEGSKA	SATDRANVNQPQH	SPRWYFYYL
SSVPPY	YTSAATLV	AVMRGTALI	SQVTM	ANQGSEA	SVVGTGGPETQY	SPRWYFYYL
DSASNY	IRSNVGE	AASRGVGGYNKLI	MNHEY	SMNVEV	ASSSLTSGAYNEQF	SPRWYFYYL
VSGLRG	LYSAGEE	AVPNFGNEKLT	SGHKS	YYEKEE	ASSSKQGPGELF	SPRWYFYYL
NSMFDY	ISSIKDK	AARGTASKLT	SEHNR	FQNEAQ	ASSLEAGRSPYEQY	SPRWYFYYL
NIATNDY	GYKTK	LVDGGATNKLI	MGHRA	YSYEKL	ASSHNGELF	SPRWYFYYL
NIATNDY	GYKTK	LVAAPGNKLT	MNHNS	SASEGT	ASSDRTGRRNEQY	SPRWYFYYL
DSAIYN	IQSSQRE	AAPPKNRDDKII	MNHEY	SMNVEV	ASRAITGSGQPQH	SPRWYFYYL
TTLSN	LVKSGEV	AAPRNNNARLM	MNHEY	SMNVEV	ASKALVGTAEAKNIQY	SPRWYFYYL
NIATNDY	GYKTK	LVGDQGGKLI	MGHRA	YSYEKL	ASSQVRGPQF	SPRWYFYYL
TRDTTYY	RNSFDEQN	ALITIKAAGNKLT	LNHDA	SQIVND	ASSISGGYNEQF	SPRWYFYYL
NIATNDY	GYKTK	LVGDQGAGGGNKLT	SGHNT	YYREEE	ASSPPTGNEQF	SPRWYFYYL
SSVPPY	YTSAATLV	AVITSNNAGNMLT	LGHDT	YNNKEL	ASQPLAGGPNEQF	SPRWYFYYL
VGISA	LSSGK	AREIGSRLT	MDHEN	SYDVKM	ASSLGVAGTDTQY	SPRWYFYYL
VSGLRG	LYSAGEE	AVPSYSSASKII	LNHNV	YYDKDF	ATSGTGTSGRNEQF	SPRWYFYYL
SVFSS	VVTGGEV	AGRMNYGGSQGNLI	MNHEY	SMNVEV	ASSSITGDRVRKETQY	SPRWYFYYL
SSVPPY	YTSAATLV	AVPTYSSASKII	SGHTA	FQGNSA	ASSSGGYEQY	SPRWYFYYL
SSVSVY	YLSGSTLV	AVSPYPDKFY	MNHEY	SMNVEV	ASSPRETANSGANVLT	SPRWYFYYL
NSASDY	IRSNMDK	ADHMDTGRRALT	KGHDR	SFDVKD	ATSTGGQPQH	SPRWYFYYL
DSAIYN	IQSSQRE	AVRRNAGNMLT	MNHEY	SMNVEV	ASSSLTSGAYNEQF	SPRWYFYYL
ATGYPS	ATKADDK	ALSATSGTYKYI	MNHEY	SMNVEV	ASSPLSGTSATKETQY	SPRWYFYYL
DSAIYN	IQSSQRE	AVPEMRRDDKII	MNHEY	SMNVEV	ASRPLTGGDQPQH	SPRWYFYYL
TTLSN	LVKSGEV	AVTGGFKTI	LGHDT	YNNKEL	ASSQGGSSSEKLF	SPRWYFYYL
SSYSPS	YTSAATLV	AVFADGQKLL	MNHNS	SASEGT	ASVGLAVVGELF	SPRWYFYYL
VSGLRG	LYSAGEE	AVPSYGNKLV	DFQATT	SNEGSKA	SARGGDSAYEQY	SPRWYFYYL
DSASNY	IRSNVGE	AALPSADYKLS	SQVTM	ANQGSEA	SVDALLGAYTQY	SPRWYFYYL
NSAFQY	TYSSGN	AMSALRGGYNKLI	KGHDR	SFDVKD	ATSDLTQDEQY	SPRWYFYYL
TSGFNG	NVLDGL	AVRPSNNARLM	MNHEY	SMNVEV	ASSPLVGSALAKNIQY	SPRWYFYYL
SSVPPY	YTSAATLV	AVPNFGNEKLT	MNHNS	SASEGT	ASSPDRALPEAF	SPRWYFYYL
NIATNDY	GYKTK	LVGAYGQRLL	SNHLY	FYNNEI	SPAVHRVANNEQL	SPRWYFYYL
SSYSPS	YTSAATLV	VVILSGGYNKLI	SNHLY	FYNNEI	ASSELPGPPGEQY	SPRWYFYYL
TSDPSYG	QGSYDQQN	AITGGFKTI	SGDLS	YYNGEE	ASSSKPGGDYNEQF	SPRWYFYYL
VSNAYN	GSKP	AVASGTYKYI	SNHLY	FYNNEI	ASSDRPLGPNTEAF	SPRWYFYYL
TRDTTYY	RNSFDEQN	ALSEIQGAQKLV	SGDLS	YYNGEE	ASSARD	SPRWYFYYL
NIATNDY	GYKTK	LLYRDDKII	SGHAT	FQNNGV	ASSLFRGGEKLF	SPRWYFYYL
TISGNEY	GLKNN	IVRLGGLGGGSNYKLT	SNHLY	FYNNEI	ASRLANTEAF	SPRWYFYYL
DRGSQS	IYSNGD	AVKKERGSTLGRLY	MNHEY	SMNVEV	ASSFTSGGARRKETQY	SPRWYFYYL
