TSESDYY	QEAYKQQN	AYRDDKII	LNHDA	SQIVND	ASSIALSDNYGYT	KLVALGINAV
TSESDYY	QEAYKQQN	AYLGGADGLT	LNHDA	SQIVND	ASSMGANEQF	KLVALGINAV
YGATPY	YFSGDTLV	AVGSNSGYALN	SGDLS	YYNGEE	ASSSSWADTQY	KLVALGINAV
TSESDYY	QEAYKQQN	AYYGGNQFY	MGHDK	SYGVNS	QAGDTEAF	KLVALGINAV
TSESDYY	QEAYKQQN	AYREGAQKLV	GTSNPN	SVGIG	AWSINSAEAF	KLVALGINAV
DSSSTY	IFSNMDM	AEGGGSYIPT	MGHDK	SYGVNS	ASSEGDTEAF	KLVALGINAV
SSVPPY	YTSAATLV	AVSDLEPNSSASKII	MGHDK	SYGVNS	ASSFGADTQY	KLVALGINAV
TSESDYY	QEAYKQQN	AYPGGGADGLT	MGHDK	SYGVNS	ASNRGDGYT	KLVALGINAV
TSESDYY	QEAYKQQN	ARDAGNMLT	SEHNR	FQNEAQ	ASSLEGSYEQY	KLVALGINAV
TSESDYY	QEAYKQQN	AYNDGNQFY	KGHSH	LQKENI	ASSSPHRDSYSPLH	KLVALGINAV
TSESDYY	QEAYKQQN	AYDDMR	SGHAT	FQNNGV	ASSSRHEGEDTEAF	KLVALGINAV
TSESDYY	QEAYKQQN	ASYAGGTSYGKLT	MGHRA	YSYEKL	ASSPAPSASSYEQY	KLVALGINAV
TSESDYY	QEAYKQQN	AYNAGNMLT	PRHDT	FYEKMQ	ASSYQSGNTEAF	KLVALGINAV
TSESDYY	QEAYKQQN	ASYAGGTSYGKLT	MGHRA	YSYEKL	ASSPAPSASSYEQY	KLVALGINAV
YGATPY	YFSGDTLV	AVGSNSGYALN	SGDLS	YYNGEE	ASSSSWADTQY	KLVALGINAV
YGATPY	YFSGDTLV	AVGSNSGYALN	SGDLS	YYNGEE	ASSSSWADTQY	KLVALGINAV
TSESDYY	QEAYKQQN	AYPGGGADGLT	MGHDK	SYGVNS	ASNRGDGYT	KLVALGINAV
SSVPPY	YTSAATLV	AVSDLEPNSSASKII	MGHDK	SYGVNS	ASSFGADTQY	KLVALGINAV
TSESDYY	QEAYKQQN	AYRDDKII	LNHDA	SQIVND	ASSIALSDNYGYT	KLVALGINAV
TSESDYY	QEAYKQQN	ATYSGGGADGLT	MNHNY	SVGAGI	ASSYTGELF	KLVALGINAV
TSESDYY	QEAYKQQN	AYFGGGADGLT	SNHLY	FYNNEI	ASREDGASGSPDTQY	KLVALGINAV
TSESDYY	QEAYKQQN	AYYGGNQFY	MGHDK	SYGVNS	QAGDTEAF	KLVALGINAV
TSESDYY	QEAYKQQN	AYNDMR	MGHDK	SYGVNS	ASSQETQY	KLVALGINAV
SSVPPY	YTSAATLV	AVSDLEPNSSASKII	MGHDK	SYGVNS	ASSFGADTQY	KLVALGINAV
TSESDYY	QEAYKQQN	AYLGGADGLT	LNHDA	SQIVND	ASSMGANEQF	KLVALGINAV
TSESDYY	QEAYKQQN	AYYGGSQGNLI	PRHDT	FYEKMQ	ASTNRQEGQETQY	KLVALGINAV
DSSSTY	IFSNMDM	AEGGGSYIPT	MGHDK	SYGVNS	ASSEGDTEAF	KLVALGINAV
TSESDYY	QEAYKQQN	AYNDGNQFY	KGHSH	LQKENI	ASSSPHRDSYSPLH	KLVALGINAV
TSESDYY	QEAYKQQN	AYKPDTPLV	MGHDK	SYGVNS	ASTGGLGYT	KLVALGINAV
TSESDYY	QEAYKQQN	AYRDDKII	LNHDA	SQIVND	ASSIALSDNYGYT	KLVALGINAV
YGATPY	YFSGDTLV	AVGSNSGYALN	SGDLS	YYNGEE	ASSSSWADTQY	KLVALGINAV
TSESDYY	QEAYKQQN	AYREGAQKLV	GTSNPN	SVGIG	AWSINSAEAF	KLVALGINAV
TSESDYY	QEAYKQQN	AYGEDDKII	MGHDK	SYGVNS	ASRRGSAELY	KLVALGINAV
TSESDYY	QEAYKQQN	AYKDNDMR	MGHDK	SYGVNS	ASSAETQY	KLVALGINAV
TSESDYY	QEAYKQQN	ATYSGGGADGLT	MNHNY	SVGAGI	ASSYTGELF	KLVALGINAV
TSESDYY	QEAYKQQN	AYNDGNQFY	KGHSH	LQKENI	ASSSPHRDSYSPLH	KLVALGINAV
TSESDYY	QEAYKQQN	ATHTGKLI	LNHDA	SQIVND	ASSWSASYEQY	KLVALGINAV
TSESDYY	QEAYKQQN	AYPGGGADGLT	MGHDK	SYGVNS	ASNRGDGYT	KLVALGINAV
TSESDYY	QEAYKQQN	AYKPDTPLV	MGHDK	SYGVNS	ASTGGLGYT	KLVALGINAV
YGATPY	YFSGDTLV	AVGSNSGYALN	SGDLS	YYNGEE	ASSSSWADTQY	KLVALGINAV
TSESDYY	QEAYKQQN	AYRDDKII	LNHDA	SQIVND	ASSIALSDNYGYT	KLVALGINAV
TSESDYY	QEAYKQQN	AYPGGGADGLT	MGHDK	SYGVNS	ASNRGDGYT	KLVALGINAV
TRDTTYY	RNSFDEQN	ALSEPYSGAGSYQLT	LNHNV	YYDKDF	ATSSGDLSSGANVLT	KLVALGINAV
TSESDYY	QEAYKQQN	AYVQDDKII	LNHDA	SQIVND	ASSQGSYEQY	KLVALGINAV
TSESDYY	QEAYKQQN	AYPGGGADGLT	MGHDK	SYGVNS	ASNRGDGYT	KLVALGINAV
TSESDYY	QEAYKQQN	ATYSGGGADGLT	MNHNY	SVGAGI	ASSYTGELF	KLVALGINAV
TSESDYY	QEAYKQQN	AYVQDDKII	LNHDA	SQIVND	ASSQGSYEQY	KLVALGINAV
DSSSTY	IFSNMDM	AEGGGSYIPT	MGHDK	SYGVNS	ASSEGDTEAF	KLVALGINAV
YGATPY	YFSGDTLV	AVGSNSGYALN	SGDLS	YYNGEE	ASSSSWADTQY	KLVALGINAV
TSESDYY	QEAYKQQN	AYNAGNMLT	PRHDT	FYEKMQ	ASSYQSGNTEAF	KLVALGINAV
TSESDYY	QEAYKQQN	ASYAGGTSYGKLT	MGHRA	YSYEKL	ASSPAPSASSYEQY	KLVALGINAV
DSSSTY	IFSNMDM	AEGGGSYIPT	MGHDK	SYGVNS	ASSEGDTEAF	KLVALGINAV
TSESDYY	QEAYKQQN	AYKPDTPLV	MGHDK	SYGVNS	ASTGGLGYT	KLVALGINAV
TSESDYY	QEAYKQQN	ASYAGGTSYGKLT	MGHRA	YSYEKL	ASSPAPSASSYEQY	KLVALGINAV
TSESDYY	QEAYKQQN	AYNDGNQFY	KGHSH	LQKENI	ASSSPHRDSYSPLH	KLVALGINAV
TSESDYY	QEAYKQQN	ARDAGNMLT	SEHNR	FQNEAQ	ASSLEGSYEQY	KLVALGINAV
TSESDYY	QEAYKQQN	ATYSGGGADGLT	MNHNY	SVGAGI	ASSYTGELF	KLVALGINAV
SSVPPY	YTSAATLV	AVSDLEPNSSASKII	MGHDK	SYGVNS	ASSFGADTQY	KLVALGINAV
TSESDYY	QEAYKQQN	AYRDDKII	LNHDA	SQIVND	ASSIALSDNYGYT	KLVALGINAV
TSESDYY	QEAYKQQN	AYREVNDMR	MGHDK	SYGVNS	ASSDSYGYT	KLVALGINAV
TSESDYY	QEAYKQQN	AYKDTASKLT	SGHNS	FNNNVP	ASSLGGDIQY	KLVALGINAV
TSESDYY	QEAYKQQN	AYPGGGADGLT	MGHDK	SYGVNS	ASNRGDGYT	KLVALGINAV
TSESDYY	QEAYKQQN	AYREGAQKLV	GTSNPN	SVGIG	AWSINSAEAF	KLVALGINAV
TSESDYY	QEAYKQQN	AYNDMR	MGHDK	SYGVNS	ASSQETQY	KLVALGINAV
TSESDYY	QEAYKQQN	ARDAGNMLT	SEHNR	FQNEAQ	ASSLEGSYEQY	KLVALGINAV
TSESDYY	QEAYKQQN	AYREVNDMR	MGHDK	SYGVNS	ASSDSYGYT	KLVALGINAV
TSESDYY	QEAYKQQN	ASYAGGTSYGKLT	MGHRA	YSYEKL	ASSPAPSASSYEQY	KLVALGINAV
TSESDYY	QEAYKQQN	ATHTGKLI	LNHDA	SQIVND	ASSWSASYEQY	KLVALGINAV
TSESDYY	QEAYKQQN	AYNAGNMLT	PRHDT	FYEKMQ	ASSYQSGNTEAF	KLVALGINAV
TSESDYY	QEAYKQQN	AYDDMR	SGHAT	FQNNGV	ASSSRHEGEDTEAF	KLVALGINAV
TSESDYY	QEAYKQQN	ARDAGNMLT	SEHNR	FQNEAQ	ASSLEGSYEQY	KLVALGINAV
TSESDYY	QEAYKQQN	AYFGGGADGLT	SNHLY	FYNNEI	ASREDGASGSPDTQY	KLVALGINAV
YGATPY	YFSGDTLV	AVGSNSGYALN	SGDLS	YYNGEE	ASSSSWADTQY	KLVALGINAV
DSSSTY	IFSNMDM	AEGGGSYIPT	MGHDK	SYGVNS	ASSEGDTEAF	KLVALGINAV
TSESDYY	QEAYKQQN	AYLGGADGLT	LNHDA	SQIVND	ASSMGANEQF	KLVALGINAV
SSVPPY	YTSAATLV	AVSDLEPNSSASKII	MGHDK	SYGVNS	ASSFGADTQY	KLVALGINAV
TSESDYY	QEAYKQQN	ARDAGNMLT	SEHNR	FQNEAQ	ASSLEGSYEQY	KLVALGINAV
YGATPY	YFSGDTLV	AVGSNSGYALN	SGDLS	YYNGEE	ASSSSWADTQY	KLVALGINAV
TSESDYY	QEAYKQQN	AYNDGNQFY	KGHSH	LQKENI	ASSSPHRDSYSPLH	KLVALGINAV
TSESDYY	QEAYKQQN	AYKDNDMR	MGHDK	SYGVNS	ASSAETQY	KLVALGINAV
TSESDYY	QEAYKQQN	AYYGGSQGNLI	PRHDT	FYEKMQ	ASTNRQEGQETQY	KLVALGINAV
TSESDYY	QEAYKQQN	ARDAGNMLT	SEHNR	FQNEAQ	ASSLEGSYEQY	KLVALGINAV
TSESDYY	QEAYKQQN	ASYAGGTSYGKLT	MGHRA	YSYEKL	ASSPAPSASSYEQY	KLVALGINAV
TSESDYY	QEAYKQQN	AYGDDKII	MGHDK	SYGVNS	ASKMGAEAF	KLVALGINAV
TSESDYY	QEAYKQQN	ATHTGKLI	LNHDA	SQIVND	ASSWSASYEQY	KLVALGINAV
TSESDYY	QEAYKQQN	AYRDDKII	LNHDA	SQIVND	ASSIALSDNYGYT	KLVALGINAV
TSESDYY	QEAYKQQN	AYNAGNMLT	PRHDT	FYEKMQ	ASSYQSGNTEAF	KLVALGINAV
TSESDYY	QEAYKQQN	AYVQDDKII	LNHDA	SQIVND	ASSQGSYEQY	KLVALGINAV
TSESDYY	QEAYKQQN	AYDDMR	SGHAT	FQNNGV	ASSSRHEGEDTEAF	KLVALGINAV
YGATPY	YFSGDTLV	AVGSNSGYALN	SGDLS	YYNGEE	ASSSSWADTQY	KLVALGINAV
TSESDYY	QEAYKQQN	AYYGGNQFY	MGHDK	SYGVNS	QAGDTEAF	KLVALGINAV
SSVPPY	YTSAATLV	AVSDLEPNSSASKII	MGHDK	SYGVNS	ASSFGADTQY	KLVALGINAV
TSESDYY	QEAYKQQN	AYFGGGADGLT	SNHLY	FYNNEI	ASREDGASGSPDTQY	KLVALGINAV
TSESDYY	QEAYKQQN	AYNDGNQFY	KGHSH	LQKENI	ASSSPHRDSYSPLH	KLVALGINAV
TSESDYY	QEAYKQQN	AYREVNDMR	MGHDK	SYGVNS	ASSDSYGYT	KLVALGINAV
TSESDYY	QEAYKQQN	AYPGGGADGLT	MGHDK	SYGVNS	ASNRGDGYT	KLVALGINAV
TSESDYY	QEAYKQQN	AYREGAQKLV	GTSNPN	SVGIG	AWSINSAEAF	KLVALGINAV
YGATPY	YFSGDTLV	AVGSNSGYALN	SGDLS	YYNGEE	ASSSSWADTQY	KLVALGINAV
TSESDYY	QEAYKQQN	ARDAGNMLT	SEHNR	FQNEAQ	ASSLEGSYEQY	KLVALGINAV
TSESDYY	QEAYKQQN	AYVQDDKII	LNHDA	SQIVND	ASSQGSYEQY	KLVALGINAV
TRDTTYY	RNSFDEQN	ALSEPYSGAGSYQLT	LNHNV	YYDKDF	ATSSGDLSSGANVLT	KLVALGINAV
TSESDYY	QEAYKQQN	AYREVNDMR	MGHDK	SYGVNS	ASSDSYGYT	KLVALGINAV
TSESDYY	QEAYKQQN	AYDDMR	SGHAT	FQNNGV	ASSSRHEGEDTEAF	KLVALGINAV
TRDTTYY	RNSFDEQN	ALSEPYSGAGSYQLT	LNHNV	YYDKDF	ATSSGDLSSGANVLT	KLVALGINAV
TSESDYY	QEAYKQQN	ASYAGGTSYGKLT	MGHRA	YSYEKL	ASSPAPSASSYEQY	KLVALGINAV
TSESDYY	QEAYKQQN	AYVQDDKII	LNHDA	SQIVND	ASSQGSYEQY	KLVALGINAV
TSESDYY	QEAYKQQN	ATHTGKLI	LNHDA	SQIVND	ASSWSASYEQY	KLVALGINAV
TSESDYY	QEAYKQQN	AYYGGSQGNLI	PRHDT	FYEKMQ	ASTNRQEGQETQY	KLVALGINAV
TSESDYY	QEAYKQQN	AYNDMR	MGHDK	SYGVNS	ASSQETQY	KLVALGINAV
TSESDYY	QEAYKQQN	AYGDDKII	MGHDK	SYGVNS	ASKMGAEAF	KLVALGINAV
TSESDYY	QEAYKQQN	AYRDDKII	LNHDA	SQIVND	ASSIALSDNYGYT	KLVALGINAV
TSESDYY	QEAYKQQN	ARDAGNMLT	SEHNR	FQNEAQ	ASSLEGSYEQY	KLVALGINAV
TSESDYY	QEAYKQQN	ATHTGKLI	LNHDA	SQIVND	ASSWSASYEQY	KLVALGINAV
TISGNEY	GLKNN	IPEGRKLT	MDHEN	SYDVKM	ASSYRGSGNTIY	KLVALGINAV
SSVPPY	YTSAATLV	AVSDLEPNSSASKII	MGHDK	SYGVNS	ASSFGADTQY	KLVALGINAV
TSESDYY	QEAYKQQN	AYYGGSQGNLI	PRHDT	FYEKMQ	ASTNRQEGQETQY	KLVALGINAV
TSESDYY	QEAYKQQN	AYVQDDKII	LNHDA	SQIVND	ASSQGSYEQY	KLVALGINAV
TSESDYY	QEAYKQQN	AYVQDDKII	LNHDA	SQIVND	ASSQGSYEQY	KLVALGINAV
TSESDYY	QEAYKQQN	AYRDDKII	LNHDA	SQIVND	ASSIALSDNYGYT	KLVALGINAV
TSESDYY	QEAYKQQN	AYNDMR	MGHDK	SYGVNS	ASSQETQY	KLVALGINAV
TSESDYY	QEAYKQQN	AYKDTASKLT	SGHNS	FNNNVP	ASSLGGDIQY	KLVALGINAV
DSSSTY	IFSNMDM	AEGGGSYIPT	MGHDK	SYGVNS	ASSEGDTEAF	KLVALGINAV
TSESDYY	QEAYKQQN	ARDAGNMLT	SEHNR	FQNEAQ	ASSLEGSYEQY	KLVALGINAV
TSESDYY	QEAYKQQN	AYNDMR	MGHDK	SYGVNS	ASSQETQY	KLVALGINAV
TRDTTYY	RNSFDEQN	ALSEPYSGAGSYQLT	LNHNV	YYDKDF	ATSSGDLSSGANVLT	KLVALGINAV
TSESDYY	QEAYKQQN	AYDDMR	SGHAT	FQNNGV	ASSSRHEGEDTEAF	KLVALGINAV
TSESDYY	QEAYKQQN	AYREGAQKLV	GTSNPN	SVGIG	AWSINSAEAF	KLVALGINAV
TSESDYY	QEAYKQQN	AYKDTASKLT	SGHNS	FNNNVP	ASSLGGDIQY	KLVALGINAV
TSESDYY	QEAYKQQN	AYKPDTPLV	MGHDK	SYGVNS	ASTGGLGYT	KLVALGINAV
TSESDYY	QEAYKQQN	AYRDDKII	LNHDA	SQIVND	ASSIALSDNYGYT	KLVALGINAV
TSESDYY	QEAYKQQN	AYRDDKII	LNHDA	SQIVND	ASSIALSDNYGYT	KLVALGINAV
DSSSTY	IFSNMDM	AEGGGSYIPT	MGHDK	SYGVNS	ASSEGDTEAF	KLVALGINAV
TSESDYY	QEAYKQQN	AYGEDDKII	MGHDK	SYGVNS	ASRRGSAELY	KLVALGINAV
TSESDYY	QEAYKQQN	AYREVNDMR	MGHDK	SYGVNS	ASSDSYGYT	KLVALGINAV
TSESDYY	QEAYKQQN	AYNDMR	MGHDK	SYGVNS	ASSQETQY	KLVALGINAV
TSESDYY	QEAYKQQN	ARDAGNMLT	SEHNR	FQNEAQ	ASSLEGSYEQY	KLVALGINAV
TSESDYY	QEAYKQQN	ATYSGGGADGLT	MNHNY	SVGAGI	ASSYTGELF	KLVALGINAV
TSESDYY	QEAYKQQN	ATYSGGGADGLT	MNHNY	SVGAGI	ASSYTGELF	KLVALGINAV
TSESDYY	QEAYKQQN	AYYGGNQFY	MGHDK	SYGVNS	QAGDTEAF	KLVALGINAV
TSESDYY	QEAYKQQN	ARDAGNMLT	SEHNR	FQNEAQ	ASSLEGSYEQY	KLVALGINAV
TSESDYY	QEAYKQQN	AYKDTASKLT	SGHNS	FNNNVP	ASSLGGDIQY	KLVALGINAV
TSESDYY	QEAYKQQN	AYKDNDMR	MGHDK	SYGVNS	ASSAETQY	KLVALGINAV
TSESDYY	QEAYKQQN	AYGDDKII	MGHDK	SYGVNS	ASKMGAEAF	KLVALGINAV
TISGNEY	GLKNN	IPEGRKLT	MDHEN	SYDVKM	ASSYRGSGNTIY	KLVALGINAV
TSESDYY	QEAYKQQN	ASYAGGTSYGKLT	MGHRA	YSYEKL	ASSPAPSASSYEQY	KLVALGINAV
SSVPPY	YTSAATLV	AVSDLEPNSSASKII	MGHDK	SYGVNS	ASSFGADTQY	KLVALGINAV
TSESDYY	QEAYKQQN	AYGEDDKII	MGHDK	SYGVNS	ASRRGSAELY	KLVALGINAV
TSESDYY	QEAYKQQN	AYLGGADGLT	LNHDA	SQIVND	ASSMGANEQF	KLVALGINAV
TSESDYY	QEAYKQQN	AYKDNDMR	MGHDK	SYGVNS	ASSAETQY	KLVALGINAV
SSVPPY	YTSAATLV	AVSDLEPNSSASKII	MGHDK	SYGVNS	ASSFGADTQY	KLVALGINAV
TSESDYY	QEAYKQQN	ASYAGGTSYGKLT	MGHRA	YSYEKL	ASSPAPSASSYEQY	KLVALGINAV
TSESDYY	QEAYKQQN	AYKDNDMR	MGHDK	SYGVNS	ASSAETQY	KLVALGINAV
TSESDYY	QEAYKQQN	AYNAGNMLT	PRHDT	FYEKMQ	ASSYQSGNTEAF	KLVALGINAV
YGATPY	YFSGDTLV	AVGSNSGYALN	SGDLS	YYNGEE	ASSSSWADTQY	KLVALGINAV
TSESDYY	QEAYKQQN	AYKPDTPLV	MGHDK	SYGVNS	ASTGGLGYT	KLVALGINAV
TRDTTYY	RNSFDEQN	ALSEPYSGAGSYQLT	LNHNV	YYDKDF	ATSSGDLSSGANVLT	KLVALGINAV
TSESDYY	QEAYKQQN	AYYGGSQGNLI	PRHDT	FYEKMQ	ASTNRQEGQETQY	KLVALGINAV
TSESDYY	QEAYKQQN	AYYGGSQGNLI	PRHDT	FYEKMQ	ASTNRQEGQETQY	KLVALGINAV
TSESDYY	QEAYKQQN	ATHTGKLI	LNHDA	SQIVND	ASSWSASYEQY	KLVALGINAV
TSESDYY	QEAYKQQN	AYFGGGADGLT	SNHLY	FYNNEI	ASREDGASGSPDTQY	KLVALGINAV
TSESDYY	QEAYKQQN	AYYGGNQFY	MGHDK	SYGVNS	QAGDTEAF	KLVALGINAV
TSESDYY	QEAYKQQN	ATHTGKLI	LNHDA	SQIVND	ASSWSASYEQY	KLVALGINAV
TSESDYY	QEAYKQQN	ARDAGNMLT	SEHNR	FQNEAQ	ASSLEGSYEQY	KLVALGINAV
TSESDYY	QEAYKQQN	ARDAGNMLT	SEHNR	FQNEAQ	ASSLEGSYEQY	KLVALGINAV
TSESDYY	QEAYKQQN	AYLGGADGLT	LNHDA	SQIVND	ASSMGANEQF	KLVALGINAV
TISGNEY	GLKNN	IPEGRKLT	MDHEN	SYDVKM	ASSYRGSGNTIY	KLVALGINAV
TSESDYY	QEAYKQQN	AYNDGNQFY	KGHSH	LQKENI	ASSSPHRDSYSPLH	KLVALGINAV
TSESDYY	QEAYKQQN	ARDAGNMLT	SEHNR	FQNEAQ	ASSLEGSYEQY	KLVALGINAV
TSESDYY	QEAYKQQN	AYNAGNMLT	PRHDT	FYEKMQ	ASSYQSGNTEAF	KLVALGINAV
TSESDYY	QEAYKQQN	AYKDNDMR	MGHDK	SYGVNS	ASSAETQY	KLVALGINAV
TSESDYY	QEAYKQQN	ATYSGGGADGLT	MNHNY	SVGAGI	ASSYTGELF	KLVALGINAV
TSESDYY	QEAYKQQN	ATHTGKLI	LNHDA	SQIVND	ASSWSASYEQY	KLVALGINAV
TSESDYY	QEAYKQQN	ASYAGGTSYGKLT	MGHRA	YSYEKL	ASSPAPSASSYEQY	KLVALGINAV
TSESDYY	QEAYKQQN	AYREVNDMR	MGHDK	SYGVNS	ASSDSYGYT	KLVALGINAV
TSESDYY	QEAYKQQN	AYLGGADGLT	LNHDA	SQIVND	ASSMGANEQF	KLVALGINAV
TSESDYY	QEAYKQQN	AYLGGADGLT	LNHDA	SQIVND	ASSMGANEQF	KLVALGINAV
TSESDYY	QEAYKQQN	AYVQDDKII	LNHDA	SQIVND	ASSQGSYEQY	KLVALGINAV
TSESDYY	QEAYKQQN	AYREGAQKLV	GTSNPN	SVGIG	AWSINSAEAF	KLVALGINAV
TSESDYY	QEAYKQQN	AYNDGNQFY	KGHSH	LQKENI	ASSSPHRDSYSPLH	KLVALGINAV
TSESDYY	QEAYKQQN	AYRDDKII	LNHDA	SQIVND	ASSIALSDNYGYT	KLVALGINAV
TSESDYY	QEAYKQQN	AYLGGADGLT	LNHDA	SQIVND	ASSMGANEQF	KLVALGINAV
TSESDYY	QEAYKQQN	AYDDMR	SGHAT	FQNNGV	ASSSRHEGEDTEAF	KLVALGINAV
TSESDYY	QEAYKQQN	AYNDMR	MGHDK	SYGVNS	ASSQETQY	KLVALGINAV
