3096	SSVSVY	YLSGSTLV	AVSPDRNEGYSTLT	MNHEY	SMNVEV	ASSPLAGHLNEKLF	RLGPVQNEV
4333	TISGTDY	GLTSN	GGGNEKFT	SNHLY	FYNNEI	ASSELDEKYGYT	RLGPVQNEV
9231	NYSPAY	IRENEKE	SLLTNSGYSTLT	MNHEY	SMNVEV	ASSPLAGHLNEKLF	RLGPVQNEV
10618	TISGTDY	GLTSN	GGGNEKFT	SNHLY	FYNNEI	ASSELDEKYGYT	RLGPVQNEV
12140	NYSPAY	IRENEKE	SLLTNSGYSTLT	MNHEY	SMNVEV	ASSPLAGHLNEKLF	RLGPVQNEV
12840	NSMFDY	ISSIKDK	AAQGLLTGGGNKLT	MNHNS	SASEGT	ASRTPTRNTEAF	RLGPVQNEV
16795	TISGTDY	GLTSN	ILPLVHAGGTSYGKLT	SGDLS	YYNGEE	ASSVASGQLYGYT	RLGPVQNEV
17128	NSMFDY	ISSIKDK	AAQGLLTGGGNKLT	MNHNS	SASEGT	ASRTPTRNTEAF	RLGPVQNEV
17302	ATGYPS	ATKADDK	ALSLAARLTGGGNKLT	SNHLY	FYNNEI	ASRVGQNYNSPLH	RLGPVQNEV
17987	SSVSVY	YLSGSTLV	AVSPDRNEGYSTLT	MNHEY	SMNVEV	ASSPLAGHLNEKLF	RLGPVQNEV
19591	NSASQS	VYSSG	VVVTLT	SNHLY	FYNNEI	ASRVGQNYNSPLH	RLGPVQNEV
23279	NSASQS	VYSSG	VVVTLT	SNHLY	FYNNEI	ASRVGQNYNSPLH	RLGPVQNEV
23438	NYSPAY	IRENEKE	SLLTNSGYSTLT	MNHEY	SMNVEV	ASSPLAGHLNEKLF	RLGPVQNEV
24454	ATGYPS	ATKADDK	ALSLAARLTGGGNKLT	SNHLY	FYNNEI	ASRVGQNYNSPLH	RLGPVQNEV
26094	TSENNYY	QEAYKQQN	AFSDSNYQLI	LGHNA	YNFKEQ	ASSQGPLANLYNEQF	RLGPVQNEV
26461	SSVSVY	YLSGSTLV	AVSPDRNEGYSTLT	MNHEY	SMNVEV	ASSPLAGHLNEKLF	RLGPVQNEV
26750	TSENNYY	QEAYKQQN	AFSDSNYQLI	LGHNA	YNFKEQ	ASSQGPLANLYNEQF	RLGPVQNEV
28345	NYSPAY	IRENEKE	SLLTNSGYSTLT	MNHEY	SMNVEV	ASSPLAGHLNEKLF	RLGPVQNEV
31755	TISGTDY	GLTSN	ILPLVHAGGTSYGKLT	SGDLS	YYNGEE	ASSVASGQLYGYT	RLGPVQNEV
33329	NYSPAY	IRENEKE	SLLTNSGYSTLT	MNHEY	SMNVEV	ASSPLAGHLNEKLF	RLGPVQNEV
35166	TISGTDY	GLTSN	ILPLVHAGGTSYGKLT	SGDLS	YYNGEE	ASSVASGQLYGYT	RLGPVQNEV
38357	ATGYPS	ATKADDK	SSGARVTGGGNKIT	MNHNS	SASEGT	ASRTPTRNTEAF	RLGPVQNEV
41677	ATGYPS	ATKADDK	ALSLAARLTGGGNKLT	SNHLY	FYNNEI	ASRVGQNYNSPLH	RLGPVQNEV
42404	TISGTDY	GLTSN	GGGNEKFT	SNHLY	FYNNEI	ASSELDEKYGYT	RLGPVQNEV
42716	TISGTDY	GLTSN	ILPLVHAGGTSYGKLT	SGDLS	YYNGEE	ASSVASGQLYGYT	RLGPVQNEV
43253	NYSPAY	IRENEKE	SLLTNSGYSTLT	MNHEY	SMNVEV	ASSPLAGHLNEKLF	RLGPVQNEV
43437	SSVSVY	YLSGSTLV	AVSPDRNEGYSTLT	MNHEY	SMNVEV	ASSPLAGHLNEKLF	RLGPVQNEV
44906	NSMFDY	ISSIKDK	AAQGLLTGGGNKLT	MNHNS	SASEGT	ASRTPTRNTEAF	RLGPVQNEV
45885	NSMFDY	ISSIKDK	AAQGLLTGGGNKLT	MNHNS	SASEGT	ASRTPTRNTEAF	RLGPVQNEV
46177	ATGYPS	ATKADDK	SSGARVTGGGNKIT	MNHNS	SASEGT	ASRTPTRNTEAF	RLGPVQNEV
48591	ATGYPS	ATKADDK	SSGARVTGGGNKIT	MNHNS	SASEGT	ASRTPTRNTEAF	RLGPVQNEV
49631	TSENNYY	QEAYKQQN	AFSDSNYQLI	LGHNA	YNFKEQ	ASSQGPLANLYNEQF	RLGPVQNEV
50068	TSENNYY	QEAYKQQN	AFSDSNYQLI	LGHNA	YNFKEQ	ASSQGPLANLYNEQF	RLGPVQNEV
50922	ATGYPS	ATKADDK	ALSLAARLTGGGNKLT	SNHLY	FYNNEI	ASRVGQNYNSPLH	RLGPVQNEV
53947	ATGYPS	ATKADDK	ALSLAARLTGGGNKLT	SNHLY	FYNNEI	ASRVGQNYNSPLH	RLGPVQNEV
54437	TISGTDY	GLTSN	GGGNEKFT	SNHLY	FYNNEI	ASSELDEKYGYT	RLGPVQNEV
