query	DRGSQS	IYSNGD	AVNSFYNQGGKLI	SGDLS	YYNGEE	ASSEGQESFSPLH
query	DRGSQS	IYSNGD	AVNIDNMDSNYQLI	SGDLS	YYNGEE	ASSVGGEAYEQY
query	DSASNY	IRSNVGE	AASETSYDKVI	MDHEN	SYDVKM	ASIANRRDSSYEQY
query	SIFNT	LYKAGEL	AGHTGNQFY	SGDLS	YYNGEE	ASSVGGGLDTQY
query	DSASNY	IRSNVGE	AASKDGDYKLS	MDHEN	SYDVKM	ASGDYEQY
query	SSYSPS	YTSAATLV	VVSVTGTASKLT	SEHNR	FQNEAQ	ASSPGTGDLETQY
query	SSVSVY	YLSGSTLV	AVSRGTSYGKLT	KGHSH	LQKENI	ASSPRGVPPTLYGYT
query	TSENNYY	QEAYKQQN	AFSGGATNKLI	MNHEY	SMNVEV	ASSFFPPREQY
query	TRDTTYY	RNSFDEQN	ALSVIKAAGNKLT	MNHNY	SVGAGI	ASRTGLASTDTQY
query	SSNFYA	MTLNGDE	APNAGGTSYGKLT	SGDLS	YYNGEE	ASSVAYRGNEQF
query	NIATNDY	GYKTK	LVERNRGSTLGRLY	SNHLY	FYNNEI	ASSELPHRFNYGYT
query	NSASQS	VYSSG	VVNSINDYKLS	SGHTA	FQGNSA	ASSLTLQRVGTGELF
query	SSYSPS	YTSAATLV	VVSEWAAGNKLT	SGHDN	FVKESK	ASSQEQGDIQY
query	TTSDR	LLSNGAV	AAFSGNTPLV	MNHNY	SVGAGI	ASRTGLASTDTQY
query	TISGTDY	GLTSN	ILSNNNDMR	DFQATT	SNEGSKA	SAPPAGEYSNQPQH
query	DRGSQS	IYSNGD	AVNSFLGAGGTSYGKLT	LNHDA	SQIVND	ASSLGMGQPQH
query	SIFNT	LYKAGEL	AGPTLINNYGQNFV	SQVTM	ANQGSEA	SASAGTGGAGGTYEQY
query	TRDTTYY	RNSFDEQN	ALSGDDYKLS	SGDLS	YYNGEE	ASSVASGRAHEQY
query	NTAFDY	IRPDVSE	AASNSQETSGSRLT	LNHDA	SQIVND	ASTNWGLRQPQH
query	TSINN	IRSNERE	ATDVGNKLV	SGHNT	YENEEA	ASSAVSYNEQF
query	DSASNY	IRSNVGE	AASETSYDKVI	SEHNR	FQNEAQ	ASSSRDGGTDTQY
query	DSSSTY	IFSNMDM	AESKGGSQGNLI	GTSNPN	SVGIG	AWSVAANTEAF
query	TSINN	IRSNERE	ATEETSGSRLT	SGHVS	FNYEAQ	ASSLEAGDYNEQF
query	NYSPAY	IRENEKE	ALVGNQFY	SEHNR	FQNEAQ	ASNNANTGELF
query	YGATPY	YFSGDTLV	AVGARGGSQGNLI	LNHDA	SQIVND	ASSTRAGVEQY
query	NSASDY	IRSNMDK	ADSGGGADGLT	SGHTA	FQGTGA	ASSSRGGQETQY
query	KALYS	LLKGGEQ	GTEARVSDGQKLL	SGDLS	YYNGEE	ASRAGGTTGELF
query	TRDTTYY	RNSFDEQN	ALSEHGAAGNKLT	SEHNR	FQNEAQ	ASSTGTGGRFGKNIQY
query	YGATPY	YFSGDTLV	AVDDTNAGKST	LNHDA	SHIVND	ASSLRSTDTQY
query	YSGSPE	HISR	ARAQKLV	SGHVS	FQNEAQ	ASQPTQRGTEGTQY
query	NSASQS	VYSSG	VVRDNNDMR	KGHDR	SFDVKD	ATSDFEVAGSSYNEQF
query	TSDPSYG	QGSYDQQN	AMSLYSGGGADGLT	MDHEN	SYDVKM	ASRPPPAGQKETQY
query	TSDPSYG	QGSYDQQN	AMRELLNSGGSNYKLT	LGHNA	YNFKEQ	ASRKLAGPTDTQY
query	YGATPY	YFSGDTLV	AVGLNTGTASKLT	MNHEY	SVGAGI	ASSRGTRGRSETQY
query	SIFNT	LYKAGEL	AGHDYKLS	SGHNS	FNNNVP	ASTTGGSLPPEAF
query	DSSSTY	IFSNMDM	AEIGYNQGGKLI	LNHDA	SQIVND	ASSIRESTDTQY
query	TTLSN	LVKSGEV	AGLLIMYSGGGADGLT	SEHNR	FQNEAQ	ASRPTGGARGYT
query	DRGSQS	IYSNGD	AVDNYGQNFV	MNHEY	SVGAGI	ASSYGVLSTDTQY
query	YSGSPE	HISR	ALSGLIQGGSEKLV	SGHAT	FQNNGV	ASSLGIAKNIQY
query	NSAFQY	TYSSGN	AMTQSNFGNEKLT	MNHEY	SMNVEV	ASSSRDEAF
query	NTAFDY	IRPDVSE	AALYNNNDMR	SEHNR	FQNEAQ	ASSSGQGVDAF
query	ATGYPS	ATKADDK	AGGADGLT	SNHLY	FYNNEI	ASSEWQGEKLF
query	DRGSQS	IYSNGD	AVGAPTNDYKLS	MNHEY	SMNVEV	ASSPGTGAYEQY
query	NSMFDY	ISSIKDK	AATTGNQFY	LGHDT	YNNKEL	ASRKRMYNEQF
query	TRDTTYY	RNSFDEQN	ALSEALIKAAGNKLT	DFQATT	SNEGSKA	SARDGRAVDTQY
query	SVFSS	VVTGGEV	AVVAFNKFY	DFQATT	SNEGSKA	SARGRDRTYEQY
query	DRGSQS	IYSNGD	AVSGGYQKVT	SGHTA	FQGTGA	ASSDLSGELF
query	DSASNY	IRSNVGE	AASGGGSQGNLI	SGHTA	FQGTGA	ASSFYAGSTNEQF
query	DRGSQS	IYSNGD	AVPYYNFNKFY	MNHEY	SMNVEV	ASSLSRKGELF
query	TTLSN	LVKSGEV	AGIGWYVGNEKLT	DFQATT	SNEGSKA	SARDLRGTKAYEQY
query	NIATNDY	GYKTK	LVGDIPPMKLI	SGHVS	FQNEAQ	ASSPGTSNTGELF
query	DRGSQS	IYSNGD	AVNADDKII	SEHNR	FQNEAQ	ASSPDILHT
query	YSGSPE	HISR	LPSCSGNTPL	MDHEN	SYDVKM	SSVFGTSYEQ
query	DRGSQS	IYSNGD	AVNGAESSGGSNYKLT	SGHNS	FNNNVP	ASSFSGNTGELF
query	NIATNDY	GYKTK	LVGDHTGGFKTI	SGHNT	YYREEE	ASSTPGDEQY
query	DRGSQS	IYSNGD	AVRGYGGSQGNLI	MNHEY	SVGEGT	ASSRMGFYEQY
query	SSVPPY	YTSAATLV	AVITNAGNNRKLI	SEHNR	FQNEAQ	ASSLDIEAF
query	NSMFDY	ISSIKDK	AASAGGSQGNLI	LGHDT	YNNKEL	ASSQDLGEETQY
query	VSGNPY	YITGDNLV	AVNSAGTASKLT	SGDLS	YYNGEE	ASSVSGSDSYEQY
query	YGATPY	YFSGDTLV	AVGPGGSYDKVI	SEHNR	FQNEAQ	ASSLTGGGNYGYT
query	KTLYG	LQKGGEE	GAGRVDDMR	SGHAT	FQNNGV	ASSWGGGSHYGYT
query	NSAFQY	TYSSGN	ATYLTGNQFY	SGHDY	FNNNVP	ASSQALPYEQY
query	DRGSQS	IYSNGD	AVNNARLM	SGHDY	FNNNVP	ASSSDPRYGYT
query	DSSSTY	IFSNMDM	AESFTGGGNKLT	SGHTA	FQGNSA	ASSSPTVPTSGGAVGEQF
query	DSAIYN	IQSSQRE	AFSSGNTPLV	SGHDN	FVKESK	ASSQEDRWVIGELF
query	NSASQS	VYSSG	VVNRNNDMR	LNHDA	SQIVND	AGQVTNTGELF
query	NSAFQY	TYSSGN	ARGGGFKTI	SEHNR	FQNEAQ	ASSLADVGGPQH
query	NSASQS	VYSSG	VVNTGGFKTI	DFQATT	SNEGSKA	SARETGVGNTIY
query	TISGTDY	GLTSN	ILRDRGFKTI	LNHDA	SQIVND	ASSIMALGRSEAF
query	SSVSVY	YLSGSTLV	AARLSFKTI	SGHDN	FVKESK	ASSGLAGGYNEQF
query	KALYS	LLKGGEQ	GTGVGKLS	KGHDR	SFDVKD	ATGTKRGGYNEQF
query	TSDPSYG	QGSYDQQN	AMRGAGNEKLT	SGDLS	YYNGEE	ASSVEPGWDEQY
query	SSYSPS	YTSAATLV	VVSDRNFNKFY	ENHRY	SYGVKD	AISEFQGPGGETQY
query	NSAFQY	TYSSGN	ARGGGFKTI	SGHAT	FQNNGV	ASSWGGGSHYGYT
query	VGISA	LSSGK	AVEHMDSNYQLI	LGHNA	YNFKEQ	ASSQVLGGGLNEQY
query	NIATNDY	GYKTK	LVGLYQEAGNNRKLI	SGHTA	FQGNSA	ASSLEVAAGGGDTQY
query	DRGSQS	IYSNGD	AVPRATGGFKTI	PRHDT	FYEKMQ	ASSLGAGRELF
query	SSVPPY	YTSAATLV	AVSDHSNNARLM	MGHRA	YSYEKL	ASSLGGTNEQF
query	NSASDY	IRSNMDK	AENPSSNTGKLI	SGHNS	FNNNVP	ASSLFPGGNTGELF
query	NSMFDY	ISSIKDK	AASAEGNTGKLI	SNHLY	FYNNEI	ASSDPGARVWEQY
query	NSASDY	IRSNMDK	AEKRSSGDKLT	SEHNR	FQNEAQ	ASSLDIKAF
query	DRGSQS	IYSNGD	AVSTDSWGKLQ	SGHVS	FNYEAQ	ASSLADSEQY
query	TSESDYY	QEAYKQQN	AYRTPLRDDKII	MDHEN	SYDVKM	ASSDTAGSSYNEQF
query	DRGSQS	IYSNGD	AVGVQGAQKLV	SGDLS	YYNGEE	ASSVDSGAGTEAF
query	TSESDYY	QEAYKQQN	AYHDNARLM	MNHNY	SVGAGI	ASTSSGGVWGTF
query	DRGSQS	IYSNGD	AVKGST	LNHNV	YYDKDF	ATSGSSGTEAF
query	YGATPY	YFSGDTLV	AVLGGANSKLT	LNHDA	SQIVND	ASSFLATDEQF
query	DSASNY	IRSNVGE	AANDAQGGSEKLV	LNHDA	SQIVND	ASSTWFNQPQH
query	NSASQS	VYSSG	VVNLPENTGGFKTI	WSHSY	SAAADI	ASSAGTGTYGYT
query	NSASQS	VYSSG	VVNSFDKLI	SEHNR	FQNEAQ	ASSLEIEQY
query	TRDTTYY	RNSFDEQN	ALGETSTSGTYKYI	DFQATT	SNEGSKA	SARGLAGTYEQY
query	DSASNY	IRSNVGE	AASETSYDKVI	MGHRA	YSYEKL	ASSLLAGEYNEQF
query	VSGLRG	LYSAGEE	AVQARGANSKLT	SGHAT	FQNNGV	ASSLGLTTDTQY
query	NSMFDY	ISSIKDK	AASAGISSGSARQLT	KGHSH	LQKENI	ASSPRGPSTDTQY
query	TISGNEY	GLKNN	IVRPRWDSNYQLI	MGHRA	YSYEKL	ASSQAPSMEPNEQF
query	VSGLRG	LYSAGEE	AVRSEGGSNYKLT	SEHNR	FQNEAQ	ASSFPSRGANYGYT
query	YSGSPE	HISR	ALSGFSNDYKLS	LNHDA	SQIVND	ASSLSHRRTGDNYGYT
query	VTNFRS	LTSSGIE	AVEVYSGGGADGLT	GTSNPN	SVGIG	AWSGFANTGELF
query	YGGTVN	YFSGDPLV	ALNTGGFKTI	MNHEY	SMNVEV	ASSLFPDNYGYT
query	TSGFNG	NVLDGL	AVRDSNYGGSQGNLI	SGDLS	YYNGEE	ASRGQGANEQY
query	NSASQS	VYSSG	VVNKEDDMR	MNHNS	SASEGT	ARGDRNTGELF
query	NYSPAY	IRENEKE	ALDNQGGKLI	MDHEN	SYDVKM	ASSLGGIGSTGNQPQH
query	DRGSQS	IYSNGD	AVTVSNDYKLS	SGDLS	YYNGEE	ASSDASGSIGEQF
query	DRGSQS	IYSNGD	AATGNQFY	KGHSH	LQKENI	ASSPPGHGNTGELF
query	TSESDYY	QEAYKQQN	ASNTDKLI	LNHNV	YYDKDF	ATSRAYQDTQY
query	ATGYPS	ATKADDK	ALSGDQAGTALI	SGHDT	YYEEEE	ASSFGGTGPLGDTQY
query	TTLSN	LVKSGEV	AWNPDNYGQNFV	SGHNT	YYREEE	ASSFNGVRETQY
query	VSNAYN	GSKP	AVDTDKLI	SEHNR	FQNEAQ	ASSQDIYAF
query	TRDTTYY	RNSFDEQN	ALNDYKLS	DFQATT	SNEGSKA	SASLGGITSSTDTQY
query	YGATPY	YFSGDTLV	AVGAPGASGTYKYI	MGHRA	YSYEKL	ASSQTSGGTYEQY
query	SSVSVY	YLSGSTLV	AVGDYKLS	SEHNR	FQNEAQ	ASSPDVGYT
query	TSINN	IRSNERE	ATDLIVSARQLT	MGHRA	YSYEKL	ASSQDGPRGQETQY
query	DSAIYN	IQSSQRE	AVDLMKTSYDKVI	SGHVS	FQNEAQ	ASSPLPRLAGEETQY
query	TSINN	IRSNERE	ATDASGGSNYKLT	SEHNR	FQNEAQ	ASSPVTGGGSGANVLT
query	DSASNY	IRSNVGE	AAKLSDSSYKLI	SGHAT	FQNNGV	ASSFWGRNVDTQY
query	DSAIYN	IQSSQRE	AVSSGGGADGLT	SGHAT	FQNNGV	ASSFYGRGGKGNQETQY
query	SVFSS	VVTGGEV	AGGGSQGNLI	MNHEY	SVGEGT	ASRASMSSYNEQF
query	VSNAYN	GSKP	AGGASGNTPLV	MDHEN	SYDVKM	ASSLLPRAGGDGYT
query	TSESDYY	QEAYKQQN	AYRSHENSGGSNYKLT	MNHEY	SMNVEV	ASSLSPFSADYEQY
query	VSGNPY	YITGDNLV	AGGDYKLS	SQVTM	ANQGSEA	SVRREGPGELF
query	TSGFNG	NVLDGL	AVRDWGFGNVLHCFGNVLH	DFQATT	SNEGSKA	SAPHGQGGEQY
query	DSSSTY	IFSNMDM	AEGGGSYIPT	MGHDK	SYGVNS	ASSEGDTEAF
query	TSINN	IRSNERE	ATASGGSNYKLT	MNHEY	SVGEGT	ASSAPGGQNLYEQY
query	VSGNPY	YITGDNLV	AVRLLPHNNARLM	MNHNS	SASEGT	ASSENTGSNQPQH
query	NSMFDY	ISSIKDK	AASGEYNNNDMR	KGHSH	LQKENI	ASSPSVYFEVSGANVLT
query	TISGNEY	GLKNN	IVRLGGLGGGSNYKLT	SNHLY	FYNNEI	ASRLANTEAF
query	SIFNT	LYKAGEL	AGRNAGKST	SGHTA	FQGTGA	ASSLVVTGELF
query	TSESDYY	QEAYKQQN	AAVNNNARLM	SGDLS	YYNGEE	ASSEGESNTGELF
query	NSASQS	VYSSG	VVNAYDKLI	SEHNR	FQNEAQ	ASSSEIEAF
query	DRGSQS	IYSNGD	AVKDRLM	SGHAT	FQNNGV	ASSPGTSGGSSYNEQF
query	TTSDR	LLSNGAV	AVDLSGSARQLT	DFQATT	SNEGSKA	SARGDRGEGYEQY
query	NSASDY	IRSNMDK	AENRGSGTYKYI	MGHRA	YSYEKL	ASRHSGSDNEQF
query	NSMFDY	ISSIKDK	AASATSGTYKYI	LNHDA	SQIVND	ASSINPRTSGFGGEVRQF
query	TISGTDY	GLTSN	ILLGTGANNLF	KGHSH	LQKENI	ASSPKLQGAWAEKLF
query	SVFSS	VVTGGEV	AGLTDKLI	DFQATT	SNEGSKA	SANPSNRPFRTQY
query	DRGSQS	IYSNGD	AVPSAAGNKLT	GTSNPN	SVGIG	AWSVREPDYEQY
query	NSASDY	IRSNMDK	AEKGGDDKII	ENHRY	SYGVKD	AISESSSGNNEQF
query	NIATNDY	GYKTK	LVGSPNDYKLS	MNHEY	SMNVEV	ASSSPSGRPTLYNEQF
query	DRGSQS	IYSNGD	AVNRYDKII	SEHNR	FQNEAQ	ASSPDIGAF
query	YGATPY	YFSGDTLV	AVGPLDTGGFKTI	MDHEN	SYDVKM	ASTRTGTVAYGYT
query	SSVSVY	YLSGSTLV	TSNYQLI	SGHAT	FQNNGV	ASSLFRETEAF
query	DSAIYN	IQSSQRE	APFSGGGADGLT	MNHEY	SVGAGI	ASSSTRDRGQGYGYT
query	VSGNPY	YITGDNLV	AVTPGDKII	SGHSS	YANELR	ASSFSVRDMGTEAF
query	DSAIYN	IQSSQRE	AVSGWGARLM	MNHEY	SVGAGI	ASTDANTGELF
query	DSASNY	IRSNVGE	AARVRGFGNVLHCFGNVLH	SGHDT	YYEEEE	ASSLRDGSEAF
query	NSASQS	VYSSG	VVNIPYSGGGADGLT	MNHEY	SVGEGT	ASSYLDRDNQPQH
query	NSASDY	IRSNMDK	AEIRSTLT	LNHDA	SQIVND	ASSIRSAYEQY
query	DRGSQS	IYSNGD	AVSMDGLM	MRHNA	SNTAGT	ASSGTQPGLGGEQF
query	NSMFDY	ISSIKDK	AALGGSEKLV	SGHDN	FVKESK	ASSQVASSEAF
query	VSGNPY	YITGDNLV	AVPGNYGQNFV	WNHNN	SYGVQD	ASSEDQGLTATYEQY
query	NIATNDY	GYKTK	LVVGFNKFY	SGHTA	FQGNSA	ASSPSSREQY
query	VSGLRG	LYSAGEE	AVQHRSNDYKLS	SEHNR	FQNEAQ	ANGSPNTGELF
query	TSGFYG	NALDGL	AVIEDTGKLI	SEHNR	FQNEAQ	ASSLVLGRETEAF
query	TRDTTYY	RNSFDEQN	ALSEAGFYNQGGKLI	LNHDA	SQIVND	ASSIYGGAGDGYT
query	NSASQS	VYSSG	VVNEGPGAGSYQLT	SEHNR	FQNEAQ	ASSPDYDQETQY
query	YGATPY	YFSGDTLV	AVGGYGGSQGNLI	LNHDA	SQIVND	ASSGRSGYEQY
query	NSASQS	VYSSG	VVKGYSTLT	SNHLY	FYNNEI	ASSARVREKLF
query	DSAIYN	IQSSQRE	AVGSSNTGKLI	GTSNPN	SVGIG	AWAWGSPNEKLF
query	SVFSS	VVTGGEV	AGEAGTALI	LNHDA	SQIVND	ASSILAGGGTDTQY
query	DRGSQS	IYSNGD	AVTLTSGTYKYI	MNHEY	SMNVEV	ASSPLVGERFRKETQY
query	SSYSPS	YTSAATLV	VVRPAGKST	MNHEY	SMNVEV	ASSLFLAAQETQY
query	DRGSQS	IYSNGD	AVTARLM	MGHRA	YSYEKL	ASRAEDSGVHEQF
query	YSGSPE	HISR	ALSWGGKLI	MNHEY	SMNVEV	ASGTRDRDLVNYGYT
query	KTLYG	LQKGGEE	GAAYGNKLV	LGHNA	YNFKEQ	ASSQDPPPTANTGELF
query	SVFSS	VVTGGEV	PGADGGIQRNLI	LNHDA	SHIVND	ASSIMGSGNTIY
query	TSINN	IRSNERE	ATDDAIFGNVLH	LNHDA	SQIVND	ASSIRSSYEQY
query	TISGTDY	GLTSN	IRSDRKMDSNYQLI	SEHNR	FQNEAQ	ASSNSRPRETGTAYEQY
query	TSGFNG	NVLDGL	APYTSGSSNTGKLI	LNHDA	SQIVND	ASSMGQGTYEQY
query	DSSSTY	IFSNMDM	ASQENSGAGSYQLT	KGHDR	SFDVKD	ATSDLQRGNTGELF
query	DSASNY	IRSNVGE	AALAGTASKLT	SQVTM	ANQGSEA	SVVPLAGPYEQY
query	TSENNYY	QEAYKQQN	AFMNPAQGGSEKLV	SNHLY	FYNNEI	ASRGLAGVYEQY
query	TISGNEY	GLKNN	IVRVPSGGGNKLT	SGHNT	YYREEE	ASSSGGPVDTQY
query	NSASQS	VYSSG	VVNNAGNMLT	SEHNR	FQNEAQ	ASSSGQLYEAF
query	NSAFQY	TYSSGN	AIITGGGNKLT	SGHDY	FNNNVP	ASSAGTSGFGYNEQF
query	TTLSN	LVKSGEV	AAHGSSNTGKLI	SNHLY	FYNNEI	ASSEESSRYYGYT
query	DSASNY	IRSNVGE	AASLNNFNKFY	LGHNA	YSLEER	ASSHRNTLEAF
query	SSVSVY	YLSGSTLV	AVRDASGGSYIPT	MGHRA	YSYEKL	ASSLIEGLSEQY
query	NSMFDY	ISSIKDK	AASRPSGGTSYGKLT	WNHNN	SYGVQD	ATGESNTGELF
query	DSSSTY	IFSNMDM	AERTGGGNKLT	SGHDY	FNNNVP	ASRKWNGELF
query	SSNFYA	MTLNGDE	ASDNAGNNRKLI	MNHEY	SVGAGI	ATRGEGAQYSPLH
query	TSENNYY	QEAYKQQN	AYSPASGGTSYGKLT	LNHDA	SQIVND	ASSIGLYGYT
query	TSGFNG	NVLDGL	AVIRGMDSSYKLI	LNHDA	SQIVND	ASSIVGTGTYEQY
query	VSGLRG	LYSAGEE	AVPLYGNNRLA	MNHNS	SASEGT	ASSEGIHPPEQF
query	TRDTTYY	RNSFDEQN	ALSESANSGGYQKVT	SGHNT	YYREEE	ASSPRTSGGYQEPQY
query	NSASDY	IRSNMDK	AALGGNTGFQKLV	MNHEY	SMNVEV	ASSLSYRGNTEAF
query	TSGFNG	NVLDGL	AVRD	SEHNR	FQNEAQ	ASSFRDSVPETQY
query	DSSSTY	IFSNMDM	AEKAHASKII	LGHDT	YNNKEL	ASSQVSGGARETQY
query	TRDTTYY	RNSFDEQN	ALSEEQGNTGFQKLV	MNHEY	SMNVEV	ASSLGGVDSGANVLT
query	DSAIYN	IQSSQRE	AVRFLRGTSGSRLT	SEHNR	FQNEAQ	ASSETGQGSSTDTQY
query	VGISA	LSSGK	AVRSLSNFGNEKLT	MNHEY	SMNVEV	ASSFLSAGGGTDTQY
query	KTLYG	LQKGGEE	GADGSNDYKLS	MGHRA	YSYEKL	ASSQADRGLVNTEAF
query	TSINN	IRSNERE	ATLGLTGNQFY	SQVTM	ANQGSEA	SVRGPYGAYEQY
query	TISGNEY	GLKNN	IVRVAYSGAGSYQLT	PRHDT	FYEKMQ	ASSFKPSGTDTQY
query	TSGFNG	NVLDGL	AVRGYNAGNMLT	SQVTM	ANQGSEA	SVGSGDHGEQF
query	DSAIYN	IQSSQRE	AVVGSDYKLS	MNHEY	SMNVEV	ASSSGTPLNGYT
query	TSINN	IRSNERE	ATDVGSGNTPLV	LNHNV	YYDKDF	ATSSRTGPSYNEQF
query	DRGSQS	IYSNGD	AVVNNDMR	ENHRY	SYGVKD	AISEPGMTSGVGEQF
query	YGGTVN	YFSGDPLV	AVIPINDYKLS	SGHAT	FQNNGV	ASSLNAGDNEQF
query	DRGSQS	IYSNGD	AVNLDQTGANNLF	SSHAT	FNYEAQ	ASSLGGYSPLH
query	DSASNY	IRSNVGE	AASKGTGFQKLV	LGHNA	YNFKEQ	ASSHPSEGSRKKYEQY
query	YGATPY	YFSGDTLV	AVGDNFNKFY	SGHAT	FQNNGV	ASSILFGEQF
query	TSDPSYG	QGSYDQQN	AMREGRLGTNFGNEKLT	SGHKS	YYEKEE	ASSRGGYRNYEQY
query	TSINN	IRSNERE	ATEGDSGYSTLT	SGDLS	YYNGEE	ASSVGGHLNEKLF
query	TSENNYY	QEAYKQQN	AFTRDNYGQNFV	SGHAT	FQNNGV	ASSLVRAATGELF
query	TSGFNG	NVLDGL	VGRNAGNMLT	MNHEY	SMNVEV	ASSSSQGARYGYT
query	DRGSQS	IYSNGD	AVGGGADGLT	MNHEY	SMNVEV	ASSLGGLGGSEQY
query	SSVSVY	YLSGSTLV	AAWDMEYGNKLV	ENHRY	SYGVKD	AISDPGLAGGGGEQF
query	NSASQS	VYSSG	VVNNNNDMR	LNHDA	SQIVND	AGQGMNTGELF
query	NSASQS	VYSSG	VVNYDTDKLI	SNHLY	FYNNEI	ATGGLNTGELF
query	TSGFNG	NVLDGL	AVRVSGGYNKLI	SGHVS	FNYEAQ	ASSLETVNTEAF
query	TSINN	IRSNERE	ATDAGARQGGSEKLV	MNHEY	SMNVEV	ASSFLAGQETQY
query	TSINN	IRSNERE	ATDAGGADGLT	ENHRY	SYGVKD	AISEGTEENTEAF
query	ATGYPS	ATKADDK	ARINFGNEKLT	DFQATT	SNEGSKA	SASEYGNTIY
query	TSINN	IRSNERE	ATDRGGAQKLV	KGHSH	LQKENI	ASSLLGGIWHGYT
query	DRGSQS	IYSNGD	AVNGLSGGGADGLT	SEHNR	FQNEAQ	ASSPDIEAF
query	NSASQS	VYSSG	VVNREGYSTLT	SNHLY	FYNNEI	ASSESVLGLNTEAF
query	DSASNY	IRSNVGE	AARFSDGQKLL	SGDLS	YYNGEE	ASAGTENTGELF
query	DRGSQS	IYSNGD	ARRGGADGLT	SGHDT	YYEEEE	ASSLALAGPYEQY
query	TRDTTYY	RNSFDEQN	ALSVYYGGSQGNLI	LNHDA	SQIVND	ASSIGPTGNTEAF
query	SVFSS	VVTGGEV	AGQAPSGSARQLT	KGHDR	SFDVKD	ATSDRLAGGELF
query	TSDPSYG	QGSYDQQN	AMRGKGFKTI	SGHTA	FQGNSA	ASRAQGGRNGYT
query	SVFSS	VVTGGEV	AGIDTGNQFY	MDHEN	SYDVKM	ASKVVDTQY
query	DRGSQS	IYSNGD	AVNLNTDKLI	MDHEN	SYDVKM	ASSSQGLGNTIY
query	DRGSQS	IYSNGD	AVNAGNDMR	MNHEY	SVGEGT	ASSYGQGWGYT
query	TSINN	IRSNERE	ALRRGYGNNRLA	MDHEN	SYDVKM	ASSSWDIQTNTGELF
query	DSASNY	IRSNVGE	AASRKGSNYKLT	WNHNN	SYGVQD	ASSADSYGANVLT
query	VSGLRG	LYSAGEE	AVQAVRSGNTPLV	DFQATT	SNEGSKA	SAPPLAYSYNEQF
query	NIATNDY	GYKTK	LVGDIAGAAGNKLT	LNHDA	SQIVND	ASNTGGGYT
query	VGISA	LSSGK	AVRSYGGSQGNLI	KGHDR	SFDVKD	ATSDQKTGSTPGELF
query	VSPFSN	MTFSENT	VVSSTLGRLY	SNHLY	FYNNEI	ASSELDGRL
query	DSSSTY	IFSNMDM	AERGGGFKTI	SGHRS	YFSETQ	ASSERDSPGNVLT
query	TRDTTYY	RNSFDEQN	ALSSYNAGNNRKLI	MNHEY	SVGAGI	ASSYGRESGNTIY
query	YGATPY	YFSGDTLV	AVVQMNSGGYQKVT	MDHEN	SYDVKM	ATRPAGYNEQF
query	DRGSQS	IYSNGD	AVNWEGGGNKLT	SGDLS	YYNGEE	ASSVGVAGSDTQY
query	DSVNN	IPSGT	AVEPLYGNKLV	LGHNA	YSLEER	ASSQTSPGHGVSPLH
query	TSGFNG	NVLDGL	AVYNDYKLS	MNHNS	SASEGT	ASSEQEDRPEGYT
query	TSESDYY	QEAYKQQN	AYPGGGADGLT	MGHDK	SYGVNS	ASNRGDGYT
query	NSASQS	VYSSG	VVNIPAGNTPLV	DFQATT	SNEGSKA	SARDHGATNTGELF
query	DSAIYN	IQSSQRE	AAPLEYGNKLV	MNHEY	SMNVEV	ASGRLVTGGGTGANVLT
query	TSENNYY	QEAYKQQN	AFAYNNNDMR	MNHGY	SAAAG	DRGPSNQPQH
query	SSVSVY	YLSGSTLV	ADFGSGVSNYKLT	LNHDA	SQIVND	ASSISESSYNEQF
query	VSGLRG	LYSAGEE	AVQAYTRDSNYQLI	SQVTM	ANQGSEA	SVEDRDTYEQY
query	TTSDR	LLSNGAV	AVDGGGGSQGNLI	LNHDA	SQIVND	ASSIRSAGEAF
query	NSASQS	VYSSG	VVNAPSGGYNKLI	SGHDN	FVKESK	ASSQEDAGFSYNEQF
query	NSMFDY	ISSIKDK	AGGAQKLV	SGHAT	FQNNGV	ASSLAPDNSNQPQH
query	ATGYPS	ATKADDK	ALGGSQGNLI	MNHEY	SMNVEV	ASSDRGSADTQY
query	YGATPY	YFSGDTLV	AAIKGAQKLV	MNHEY	SVGAGI	ASSLNTEAF
query	NSASQS	VYSSG	VVNWQYGNKLV	LNHDA	SQIVND	AGQDSNTGELF
query	TSENNYY	QEAYKQQN	GSRFRGAGSYQLT	SGHVS	FQNEAQ	ASSLVVSGNEQF
query	DRGSQS	IYSNGD	AVTGNEKLT	MNHEY	SVGAGI	ASSYSSSGGAYEQY
query	DRGSQS	IYSNGD	AVSIFGNVLH	LGHNA	YNFKEQ	ASSPPGEEAF
query	YSGSPE	HISR	ALMDTGRRALT	SEHNR	FQNEAQ	ASSLVGYQGTEAF
query	YGGTVN	YFSGDPLV	AVSLLNSGGSNYKLT	SQVTM	ANQGSEA	SVGQGWPYEQY
query	DRGSQS	IYSNGD	VNWGGGSQGNL	LNHDA	SQIVND	SSPRSALEQ
query	NSASQS	VYSSG	VVNLPEGNTPLV	DFQATT	SNEGSKA	SARGGQGLNTGELF
query	NIATNDY	GYKTK	LVGDAYSGGYQKVT	SGHNS	FNNNVP	ASSFSGNTGELF
query	NIATNDY	GYKTK	LVAGGGSTLT	LGHNA	YSLEER	ASSQDPPGQLGNEQF
query	TRDTTYY	RNSFDEQN	ALSGYSGAGSYQLT	MNHNS	SASEGT	ASSDGTSGRHMGDEQF
query	TTLSN	LVKSGEV	AGKNSNDYKLS	MNHEY	SMNVEV	ASSPIRQDMGGYT
query	TRDTTYY	RNSFDEQN	ALQRGTYKYI	LNHDA	SQIVND	ASSARDTSYEQY
query	DRGSQS	IYSNGD	AVSGRGSTLGRLY	MDHEN	SYDVKM	ASSWGQMNTEAF
query	YSGSPE	HISR	ALTGHAGGTSYGKLT	SGHVS	FQNEAQ	ASSEQNTGELF
query	DRGSQS	IYSNGD	AVNIRGKLI	DFQATT	SNEGSKA	SVPGGQGLNEQY
query	DRGSQS	IYSNGD	AVNLGLTAGGTSYGKLT	MRHNA	SNTAGT	ASRAGTEISGYGYT
query	NSASQS	VYSSG	VVNLNARLM	SGHVS	FNYEAQ	ASSSESLAVYSNEQF
query	NSASDY	IRSNMDK	AENGGGGADGLT	SQVTM	ANQGSEA	SVGSGDYEQY
query	NYSPAY	IRENEKE	ALDNQGGKLI	SQVTM	ANQGSEA	SVPLGVVNNEQ
query	NYSPAY	IRENEKE	AHVNTNAGKST	SGHKS	YYEKEE	ASSGLINGNTIY
query	TSGFYG	NALDGL	AVRDQEGNTPLV	MDHEN	SYDVKM	ASMGGSNEQF
query	DSSSTY	IFSNMDM	AEIGDDKII	LNHNV	YYDKDF	ATTVPGLAYNEQF
query	DSAIYN	IQSSQRE	AVKIIQGAQKLV	SGHDY	FNNNVP	ASSFQLGGETQY
query	NSASQS	VYSSG	GVVNMGDDMR	KGHDR	SFDVKD	ATQRANTGELF
query	DRGSQS	IYSNGD	AVWHLRGGGADGLT	MNHEY	SVGEGT	ASSRRGDGTDTQY
query	VSGNPY	YITGDNLV	ALWGFQKLV	PRHDT	FYEKMQ	ASSPAGQGAGTGELF
query	NSAFQY	TYSSGN	AMSTLYNFNKFY	MNHEY	SMNVEV	ATLRGVGYGYT
query	VGISA	LSSGK	AVRSNFGNEKLT	MNHNY	SVGAGI	ASSYWDRTTSGNTIY
query	TSINN	IRSNERE	ATDQGGSEKLV	SNHLY	FYNNEI	ARGGTGYNEQF
query	NSASQS	VYSSG	VVNEKDDMR	SGHNS	FNNNVP	ASGKQNTGELF
query	DRGSQS	IYSNGD	AVNRDDKII	SEHNR	FQNEAQ	ASSPDIEQY
query	NSASQS	VYSSG	VVTDDKII	SGHKS	YYEKEE	ASSLEVLAGVYEQY
query	VGISA	LSSGK	AVRVNYGGSQGNLI	KGHSH	LQKENI	ASSRQGRYTDTQY
query	TSINN	IRSNERE	ATEARMDSSYKLI	SEHNR	FQNEAQ	ASSLGETIYGYT
query	SIFNT	LYKAGEL	AGLDFGNEKLT	SEHNR	FQNEAQ	ASSLATSPLMNTEAF
query	NSASQS	VYSSG	VVSEERYNQGGKLI	SGHDT	YYEEEE	ASSPLVSGSGANVLT
query	TISGTDY	GLTSN	ILNRDDKII	SGDLS	YYNGEE	ASSVSPNEQF
query	TRDTTYY	RNSFDEQN	ALTSLPLIQGAQKLV	KGHSH	LQKENI	ASRGGLGTEAF
query	TSDPSYG	QGSYDQQN	AMRVWGNNNDMR	SGHVS	FQNEAQ	ASSSRGRTSSYEQY
query	NSASDY	IRSNMDK	AENGGRDSSYKLI	MNHNS	SASEGT	ASSARTSTDTQY
query	SSVPPY	YTSAATLV	AVPLYSSASKII	LNHNV	YYDKDF	ATSRSGTSGVNEQF
query	VSPFSN	MTFSENT	VVSRRHTDKLI	SGHAT	FQNNGV	ASSWGGGSHYGYT
query	YGATPY	YFSGDTLV	ADHWNGNNRLA	SGHTA	FQGNSA	ASSAWTGRFLVDSPLH
query	ATGYPS	ATKADDK	ALRETSYDKVI	SGHNS	FNNNVP	ASSFPSGDGTQY
query	NSASQS	VYSSG	VVNGEDDMR	SGHNT	YYREEE	ASIRDHNTGELF
query	DSAIYN	IQSSQRE	AVSGGGADGLT	SGDLS	YYNGEE	ASSVGAGSNQPQH
query	NSASQS	VYSSG	VVNRGNDMR	SNHLY	FYNNEI	ASGQLNTGELF
query	SSNFYA	MTLNGDE	AHRGQEYGNKLV	ENHRY	SYGVKD	AISDGTVGGYT
query	TSGFYG	NALDGL	AVPRYQAGTALI	SGHTA	FQGNSA	ASNLGGAINEQF
query	NSASQS	VYSSG	VVNSPSGNTPLV	DFQATT	SNEGSKA	SARDEKATNTGELF
query	NIATNDY	GYKTK	LVGVPNDYKLS	MNHEY	SVGEGT	ASSYSEPEEEF
query	SVFSS	VVTGGEV	AGGGSQGNLI	SGHRS	YFSETQ	ASSLEWGGETQY
query	VTNFRS	LTSSGIE	APKAAGNKLT	PRHDT	FYEKMQ	ASSPIAGGNTGELF
query	NSASDY	IRSNMDK	ADSGGGADGLT	GTSNPN	SVGIG	AWGDSYEQY
query	VSGLRG	LYSAGEE	AVSNTGNQFY	LNHDA	SQIVND	ASSTGQPQH
query	DSVNN	IPSGT	AVRFNDYKLS	SGHTA	FQGNSA	ASSPPGLVGGELF
query	DSSSTY	IFSNMDM	AESTSNARLM	MNHEY	SVGAGI	ASSPKGALMGDNEQF
query	TSESDYY	QEAYKQQN	AYRLYDMH	MNHEY	SVGAGI	ASSYSPGQAFSANSPLH
query	DRGSQS	IYSNGD	AVTGDKLI	SGHDY	FNNNVP	ALSDLGGSGNTGKLI
query	DRGSQS	IYSNGD	AVNMRRDDKII	MNHEY	SVGEGT	ASRYGGQGDSEQF
query	SVFSS	VVTGGEV	AGVQEYGNKLV	SGDLS	YYNGEE	ASSPGGVSYNEQF
query	VSGLRG	LYSAGEE	AVSPDKLI	SQVTM	ANQGSEA	SVPLGVVNNEQ
query	NSAFQY	TYSSGN	AMSPMEYGNKLV	KGHSH	LQKENI	ASSQTGLNTEAF
query	STGYPT	ETMEN	LPKYNTDKLI	MNHEY	SMNVEV	ASSISHSTDTQY
query	DSASNY	IRSNVGE	AASIKLNSGYALN	LNHDA	SQIVND	ASTSHGGANNEQF
query	DSASNY	IRSNVGE	AAAFSTGRRALT	SGDLS	YYNGEE	ASSPTPRDTRSSYNEQF
query	TSINN	IRSNERE	ATEGNSGYSTLT	MNHEY	SVGAGI	ASSRQGGNYGYT
query	VSGNPY	YITGDNLV	AVDSSASKII	DFQATT	SNEGSKA	SAPARSEPYEQY
query	YGATPY	YFSGDTLV	AVGAAGGFKTI	SGHDT	YYEEEE	ASSLRDGSEAF
query	NIATNDY	GYKTK	LVGEMGGGYNKLI	MNHEY	SMNVEV	ASSYFQSSGGGYT
query	TSESDYY	QEAYKQQN	ARDAGNMLT	SEHNR	FQNEAQ	ASSLEGSYEQY
query	TSGFNG	NVLDGL	AGIDNYGQNFV	SGHNT	YYREEE	ASSGGRNQPQH
query	NSAFQY	TYSSGN	AIWGEGYQKVT	SGHVS	FQNEAQ	ASSLGIPQREPYNEQF
query	NSASQS	VYSSG	VVNRGDKLI	SEHNR	FQNEAQ	ASGEGNTGELF
query	NSASQS	VYSSG	VVNDPYTGGFKTI	SNHLY	FYNNEI	ASSELGQLNEQF
query	NIATNDY	GYKTK	LVGDYNFNKFY	LGHNA	YSLEER	ASSQEVSAGGGDTQY
query	SVFSS	VVTGGEV	ALEGGGADGLTFG	MNHNS	SASEGT	ASSEAELLSSYNEQFFG
query	TRDTTYY	RNSFDEQN	ALGDSGAGSYQLT	MGHRA	YSYEKL	ASSTSTGTGYGYT
query	DSSSTY	IFSNMDM	AERTTTDSWGKLQ	WSHSY	SAAADI	ASRGLQGANEQY
query	DRGSQS	IYSNGD	AALDSWGKFQ	SEHNR	FQNEAQ	ASSDRGGIGGSAF
query	TSINN	IRSNERE	ATDPDTGRRALT	SGHDT	YYEEEE	ASSLLIREAYT
query	NSAFQY	TYSSGN	AMSAWRGGSEKLV	SEHNR	FQNEAQ	ASSSPPFSGGASTDTQY
query	NSASDY	IRSNMDK	ADHMDTGRRALT	KGHDR	SFDVKD	ATSTGGQPQH
query	TSESDYY	QEAYKQQN	AYTPYNTDKLI	MNHEY	SVGAGI	ASSYGEYGANVLT
query	VGISA	LSSGK	AVSAISNFGNEKLT	SGDLS	YYNGEE	ASSVGFPGELF
query	SSVPPY	YTSAATLV	AVTSYARLM	SGHRS	YFSETQ	ASSVTGTEADEQF
query	DSSSTY	IFSNMDM	AEIPNYGGSQGNLI	SGHDY	FNNNVP	ASSFIGGVDGYT
query	NSASQS	VYSSG	VVASARYNQGGKLI	SGHTS	YDEGEE	ASRLLAAQETQY
query	TSDPSYG	QGSYDQQN	AMREGLGSGGYNKLI	MNHNS	SASEGT	ASRDRDSYEQY
query	DSSSTY	IFSNMDM	AGVTGRRALT	MNHNS	SASEGT	ASSDSSGAYEQY
query	NSASQS	VYSSG	VVPTDSWGKLQ	MDHEN	SYDVKM	ASSLTSEAYEQY
query	SSVPPY	YTSAATLV	AVSESNTGKLI	LNHDA	SQIVND	ASSIRAGYTEAF
query	DSAIYN	IQSSQRE	AALFTGGGNKLT	MNHEY	SMNVEV	ASSLGIGTQPQH
query	TSGFYG	NALDGL	AHWGSSNTGKLI	LGHNA	YNFKEQ	ASSQTESTDTQY
query	DSAIYN	IQSSQRE	AVRVSL	SGHNT	YENEEA	ASSSHGAGAYNEQF
query	NSASDY	IRSNMDK	ADHTGGFKTI	SGHNT	YYREEE	ASSPGTGGYTEAF
query	NSASQS	VYSSG	VVNRYDDMR	DFQATT	SNEGSKA	SALRDKNTGELF
query	VSGNPY	YITGDNLV	AVRDIIRAGSYQLT	MNHEY	SMNVEV	ASSLPHGVGELF
query	NIATNDY	GYKTK	LVGGGVNNDMR	LGHDT	YNNKEL	ASSPEPGLLGVEQF
query	DSSSTY	IFSNMDM	AEMEGGSYIPT	LNHDA	SQIVND	ASSIRSSYEQY
query	DRGSQS	IYSNGD	AVNPPTDSWGKLQ	MNHNS	SASEGT	ASRGQGNTEAF
query	NSASQS	VYSSG	VVNRLDDMR	SGHKS	YYEKEE	ATLGSNTGELF
query	DRGSQS	IYSNGD	AVNKITGGGNKLT	MDHEN	SYDVKM	ASKIQGSPEAF
query	DRGSQS	IYSNGD	AVTGDDKII	MNHNY	SVGAGI	ASTRQGAYEQY
query	NSASQS	VYSSG	VVNEPLSGYSTLT	MDHEN	SYDVKM	ASSPTGGGNTGELF
query	SVFSS	VVTGGEV	AGASPGGYGGSQGNLI	LNHDA	SQIVND	ASSIRSSYEQY
query	NSASQS	VYSSG	VVSDYKLS	MNHNY	SVGAGI	ASTPGTGAYEQY
query	DSAIYN	IQSSQRE	AVRYLSNFGNEKLT	SGHNS	FNNNVP	ASSFSGNTGELF
query	DSAIYN	IQSSQRE	AVDLMKTSYDKVI	DFQATT	SNEGSKA	SARSYSGPGEF
query	TRDTTYY	RNSFDEQN	ALSEVNTGNQFY	MNHEY	SMNVEV	ASSLWASSEQY
query	VSGNPY	YITGDNLV	AVRDMSRRALT	MNHEY	SMNVEV	ASSGRGLSSGNTIY
query	YGATPY	YFSGDTLV	AVDTDKLI	GTSNPN	SVGIG	ASQHGGNQPQH
query	TRDTTYY	RNSFDEQN	ALSVGTGANNLF	SSHAT	FNYEAQ	ASSISGSGSDTQY
query	DSASNY	IRSNVGE	AAILADYKLS	LNHDA	SQIVND	ASSIVAGGYNEQF
query	NSASQS	VYSSG	VVGASKII	MGHRA	YSYEKL	ASSQAENYGYT
query	DSASNY	IRSNVGE	APWDFNKFY	SGHTA	FQGTGA	ASSLQGGTGELF
query	NSAFQY	TYSSGN	AMSGYKLS	MNHNS	SASEGT	ASSEGPGGDEQY
query	SIFNT	LYKAGEL	AGLNYGGSQGNLI	SGHVS	FQNEAQ	ASSLSLSQGSFGYT
query	TTLSN	LVKSGEV	AGATDSWGKLQ	SGHAT	FQNNGV	ASSWGGGSHYGYT
query	DRGSQS	IYSNGD	AVSGSKLT	MNHEY	SVGAGI	ASSPNLQGAWGYT
query	TSGFNG	NVLDGL	AVNRDNARLM	MGHRA	YSYEKL	ASSAGVDNNEQF
query	ATGYPS	ATKADDK	ALVPNARLM	MNHEY	SMNVEV	ASTDRWAGDTQY
query	TSENNYY	QEAYKQQN	AFMKIYSGAGSYQLT	SGHNS	FNNNVP	ASSFRREGTGELF
query	TSDPSYG	QGSYDQQN	AMREGLVPYNNNDMR	LNHDA	SQIVND	ASSTDREGITPQH
query	TSINN	IRSNERE	ATDPNTGGFKTI	MNHEY	SVGEGT	ASSYPNQPQH
query	NSASQS	VYSSG	VVNDLDKLI	SEHNR	FQNEAQ	ASSPEDTQY
query	DSSSTY	IFSNMDM	AEDRNARLM	DFQATT	SNEGSKA	SARDQTGNTIY
query	NSASDY	IRSNMDK	AENKREAGNTPLV	SGHKS	YYEKEE	ASSLAARGQNYGYT
query	YGATPY	YFSGDTLV	AVIPGAGSYQLT	SGHVS	FNYEAQ	ASSPDRGREKLF
query	NSASDY	IRSNMDK	AENSKGHDNDMR	SGHTA	FQGTGA	ASRLTNGTYQNQPQH
query	TRDTTYY	RNSFDEQN	ALSGALYNFNKFY	DFQATT	SNEGSKA	SARSARGTDTQY
query	NSASQS	VYSSG	GAAGNMLT	LGHNA	YNFKEQ	ASSLTGGPGHINEQF
query	SSNFYA	MTLNGDE	ASGNNARLM	MNHNS	SASEGT	ASSEDHTGFYEQY
query	DRGSQS	IYSNGD	AVNTGFQKLV	MGHRA	YSYEKL	ASSPATGSNQPQH
query	KALYS	LLKGGEQ	GTEREAQGGSEKLV	SNHLY	FYNNEI	ASRGRQGRWSSGANVLT
query	TSINN	IRSNERE	ATAKYNAGGTSYGKLT	LNHDA	SQIVND	ASSIGSHGYT
query	NSASQS	VYSSG	VVNGNNNDMR	SNHLY	FYNNEI	ASSDLNTGELF
query	KALYS	LLKGGEQ	GTAMGGGSQGNLI	LNHDA	SQIVND	ASSMRSTDTQY
query	TISGNEY	GLKNN	IPISGGYNKLI	MGHRA	YSYEKL	ASSQEGVGQGWSPLH
query	DSAIYN	IQSSQRE	AVIRMDSSYKLI	SGHKS	YYEKEE	ASSPDSGGYGYT
query	SSVPPY	YTSAATLV	AVSDPGYSTLT	MDHEN	SYDVKM	ASREGLETQY
query	VSGLRG	LYSAGEE	AVWIREATDSWGKLQ	SNHLY	FYNNEI	ASLLLLNNEQF
query	SSYSPS	YTSAATLV	VVSDRGSQGNLI	SGHDT	YYEEEE	ASSGGTSGYNEQF
query	NSASDY	IRSNMDK	AEIPGQNFV	SGHNT	YYREEE	ASSFPGANVLT
query	NSASQS	VYSSG	VVNIGGGSQGNLI	LNHDA	SQIVND	ASSIRSSDTQY
query	DRGSQS	IYSNGD	AVNSGNQFYFG	MDHEN	SYDVKM	ASSFGGLGTEAFFG
query	TSESDYY	QEAYKQQN	AYIQGAQKLV	MRHNA	SNTAGT	ASSASGGAYNEQF
query	NIATNDY	GYKTK	LVGVPLGGGGNKLT	SGHDN	FVKESK	ASSQGGDTEAF
query	DSASNY	IRSNVGE	AGTNAGGTSYGKLT	SGHAT	FQNNGV	ASSLVGIEREGETQY
query	SVFSS	VVTGGEV	AGGGSQGNLI	SGHNS	FNNNVP	ASSLWGDYEQY
query	DRGSQS	IYSNGD	AVGTAWRSGGGADGLT	KGHSH	LQKENI	ASSPGTLADTQY
query	KALYS	LLKGGEQ	GTEDMKSSGNTGKLI	SGHTA	FQGNSA	ASSLSAGGYNEQF
query	TSINN	IRSNERE	ATDDRGAQKLV	DFQATT	SNEGSKA	SASGGSYGSYNEQF
query	TSGFNG	NVLDGL	AVLDSNYQLI	LNHDA	SQIVND	ASSARSSTEQY
query	ATGYPS	ATKADDK	ALGGSQGNLI	MNHEY	SMNVEV	ASSMRSGSDEQY
query	TSGFNG	NVLDGL	AVKDSNYQLI	MNHEY	SVGEGT	ASSYSESGDSPLH
query	DSASNY	IRSNVGE	AATDNARLM	LNHNV	YYDKDF	ATSRDLAEVNTEAF
query	SIFNT	LYKAGEL	AGLEGGFGNVLHCFGNVLH	LGHNA	YSLEER	ASSQGILSGGPLH
query	DRGSQS	IYSNGD	AVSAGFGNVLHCFGNVLH	MNHEY	SMNVEV	ASSLTSGRPDTQY
query	NSASQS	VYSSG	VVNSGYNQGGKLI	LNHDA	SQIVND	ASSTAWTSGSYEQF
query	NSASQS	VYSSG	VVNRNNDMR	SNHLY	FYNNEI	ASSEIDTGELF
query	SIFNT	LYKAGEL	AAMNYGGSQGNLI	MNHEY	SVGEGT	ASSYRGTGLNEQF
query	DRGSQS	IYSNGD	AGGGGADGLTFG	LNHDA	SQIVND	ASSQGLAGAGELFFG
query	NIATNDY	GYKTK	LVGANAGNNRKLI	LGHNA	YSLEER	ASSQEPAGAGANYEQY
query	NSASDY	IRSNMDK	AENLGDSSYKLI	SGHDY	FNNNVP	ASRPSGGAETQY
query	DRGSQS	IYSNGD	AVNGGQKLL	MDHEN	SYDVKM	ASSLGPFDTQY
query	NTAFDY	IRPDVSE	AASKAAGNKLT	MNHEY	SVGEGT	ANQDLNTGELF
query	DSAIYN	IQSSQRE	AVSEYGNKLV	MDHEN	SYDVKM	ASSLGQGGPDTQY
query	NSMFDY	ISSIKDK	AARFDSGYALN	SGDLS	YYNGEE	ASSTYSGQSYGYT
query	NYSPAY	IRENEKE	ALGGYDGNVLHCFGNVLH	DFQATT	SNEGSKA	SARDRRVDSRNTGELF
query	SVFSS	VVTGGEV	ADPGANNLF	DFQATT	SNEGSKA	SARSHYSYEQY
query	NSASQS	VYSSG	VVNRGDKLV	SEHNR	FQNEAQ	ASDDPNTGELF
query	TSDPSYG	QGSYDQQN	AMREWTDRGSTLGRLY	LNHDA	SQIVND	ASGGQYQETQY
query	VTNFRS	LTSSGIE	AGSSGTYKYI	LGHNT	FRNRAP	ASGLGIGQNIQY
query	SSVPPY	YTSAATLV	AIPNFGNEKLT	LGHDT	YNNKEL	ASSPKRAVQNYGYT
query	TSDPSYG	QGSYDQQN	AMRGVSGFGNEKLT	DFQATT	SNEGSKA	SARSAASTDTQY
query	SSVPPY	YTSAATLV	AVSDSDSGYSTLT	MNHEY	SVGAGI	ASSFPYQGDTEAF
query	SIFNT	LYKAGEL	AGRHGGTSYGKLT	SGHDY	FNNNVP	ASSLAYILGLGDEQF
query	NSMFDY	ISSIKDK	AASESGGSNYKLT	MDHEN	SYDVKM	ASSGRWTAYNEQF
query	TRDTTYY	RNSFDEQN	ALSEVYTGRRALT	MDHEN	SYDVKM	ASSHDKITDTQY
query	DRGSQS	IYSNGD	AVKAEGAGNMLT	ENHRY	SYGVKD	AISEQGGNTEAF
query	YGGTVN	YFSGDPLV	AVNALDDYKLS	ENHRY	SYGVKD	AISESQEFYGYT
query	DSSSTY	IFSNMDM	AEIRAGNMLT	SQVTM	ANQGSEA	SVSTGIYEQY
query	TSESDYY	QEAYKQQN	ANAQKLV	SGHVS	FQNEAQ	ASSLEGLAGYEQY
query	TSENNYY	QEAYKQQN	AFLNAGGTSYGKLT	MNHEY	SVGEGT	ASSWNGLAGDEQF
query	YGATPY	YFSGDTLV	AVDPMDTGRRALT	SGHNT	YYREEE	ASSFSVGENEKLF
query	NIATNDY	GYKTK	LVGDNLDSSYKLI	LNHNV	YYDKDF	ATTGGSGYEQY
query	NSASDY	IRSNMDK	AENTGGFKTI	GTSNPN	SVGIG	AWRGDRDHSTDTQY
query	TSINN	IRSNERE	ATDAGNDMR	MNHEY	SVGAGI	ASSYWVGDTDTQY
query	VSGLRG	LYSAGEE	AVPHFGNEKLT	MNHEY	SMNVEV	ASSTEPLGSDIQY
query	TSESDYY	QEAYKQQN	AYRSGSDGGSQGNLI	LGHNA	YSLEER	ASSQVSGYEQY
query	DSASNY	IRSNVGE	AAGRKRFGNVLHCFGNVLH	LNHNV	YYDKDF	ATSREWPANRHQETQY
query	DSAIYN	IQSSQRE	AALDSGAGNMLT	MNHEY	SVGAGI	ASIAGLRAF
query	DSAIYN	IQSSQRE	AVRLIQGAQKLV	SGDLS	YYNGEE	ASSVEGQGDTEAF
query	SVFSS	VVTGGEV	AGASTGNQFY	MNHEY	SMNVEV	ASSRDNYVWDTQY
query	NSASQS	VYSSG	VVNMNNDMR	SGHVS	FQNEAQ	ADQDSNTGELF
query	TSINN	IRSNERE	ASHILTGGGNKLT	SGHDY	FNNNVP	ASSFNRANTEAF
query	DSAIYN	IQSSQRE	AVRIGGGTSYGKLT	LNHDA	SQIVND	ASSSRSGVEQY
query	VSGNPY	YITGDNLV	AVRPLSGGGADGLT	SGDLS	YYNGEE	ASSVVSGNTIY
query	STGYPT	ETMEN	LLGRGDDYGGATNKLI	MGHRA	YSYEKL	ASSQEAYNYEQY
query	TSINN	IRSNERE	ATRNTDKLI	MNHEY	SMNVEV	ASSFGRGGSQPQH
query	TISGTDY	GLTSN	ILSPTLKAAGNKLT	SGDLS	YYNGEE	ASSVWDRGRPNYGYT
query	SSNFYA	MTLNGDE	AFARNTGGFKTI	LNHDA	SQIVND	ASSMGAISEAF
query	NSMFDY	ISSIKDK	AASTGGGNKLT	SNHLY	FYNNEI	ASSEGRLQKKSSGANVLT
query	NSASDY	IRSNMDK	ADSGGGADGLT	SGHTA	FQGNSA	ASSTYIGSSGLPFDPYEQY
query	NSASQS	VYSSG	VVNAPSGNTPLV	DFQATT	SNEGSKA	SARGEVEMNTGELF
query	TSGFNG	NVLDGL	AVLDSNYQLI	DFQATT	SNEGSKA	SARGLADPYEQY
query	DSSSTY	IFSNMDM	AELSYTGRRALT	SGHTS	YDEGEE	ASGEAAYEQY
query	NSASQS	VYSSG	VVDTGGFKTI	SGHVS	FQNEAQ	ASSLGAGVPNEQF
query	NSASQS	VYSSG	VVNSRGYGGSQGNLI	MNHEY	SMNVEV	ASSTSGPYNEQF
query	NSAFQY	TYSSGN	AMTWGGTSYGKLT	DFQATT	SNEGSKA	SAIEEGTEVFGYT
query	NSMFDY	ISSIKDK	AATRISYTDKLI	LNHDA	SQIVND	ASSMAENTEAF
query	NSASQS	VYSSG	VVGLFSGTYKYI	MNHEY	SVGEGT	ASSYSIRTEAF
query	NSASQS	VYSSG	VVNGLGDDMR	KGHDR	SFDVKD	ATQTANTGELF
query	TRDTTYY	RNSFDEQN	ALSEASGGGNKLT	DFQATT	SNEGSKA	SAKATSGGLSEQY
query	VSGNPY	YITGDNLV	AVRPPNDYKLS	SGHVS	FNYEAQ	ASSPWGRSSYNEQF
query	SIFNT	LYKAGEL	AGQRGGADGLT	PRHDT	FYEKMQ	ASSLAAAYEQY
query	DRGSQS	IYSNGD	AVIAGKST	LNHNV	YYDKDF	ATSGRTGGGEQY
query	STGYPT	ETMEN	LLRR	SGHDY	FNNNVP	ASSSPRGAGNTIY
query	DSAIYN	IQSSQRE	AVDTGGFKTI	LGHNA	YNFKEQ	ASSPGTSGNEQF
query	NSASDY	IRSNMDK	AENTGGGSQGNLI	LNHDA	SQIVND	ASSIGLYGYT
query	SSVSVY	YLSGSTLV	AVLPHGNNRLA	DFQATT	SNEGSKA	SARDRVGQNTGELF
query	NSASQS	VYSSG	VVLSGGQNFV	SEHNR	FQNEAQ	ASSQTSGTGNYEQY
query	TSESDYY	QEAYKQQN	AHPNSNSGYALN	SEHNR	FQNEAQ	ASSLAVIDRYNEQF
query	VSPFSN	MTFSENT	VVSSVRGSYIPT	SGDLS	YYNGEE	ASSVDGGGGGYNEQF
query	DSASNY	IRSNVGE	AASETSYDKVI	SGHNS	FNNNVP	ASSIGDRAYGYT
query	VSGLRG	LYSAGEE	AVQARGSYIPT	GTSNPN	SVGIG	AWDSYNQPQH
query	TRDTTYY	RNSFDEQN	ALKLGNAGNMLT	SGDLS	YYNGEE	ASSVNPNPIRDRDNEKLF
query	DSAIYN	IQSSQRE	AIPTGGFKTI	MNHEY	SMNVEV	ASSYGTEGQPQH
query	TTLSN	LVKSGEV	AGNYGGSQGNLI	LNHDA	SQIVND	ASSGRSTDTQY
query	DRGSQS	IYSNGD	AGFGGAGNNRKLI	LNHDA	SQIVND	ASSIRSSVEAF
